experiment_id,samples,n_components,kernel,best_C,best_gamma,cv_score,train_accuracy,test_accuracy,test_balanced_accuracy,precision,recall,f1_score,generalization_gap,explained_variance_ratio,training_time
Exp001_100samp_2comp_linear,100,2,linear,0.1,N/A,0.9489473684210525,0.9393939393939394,0.8604651162790697,0.8540723981900452,0.8235294117647058,0.8235294117647058,0.8235294117647058,0.0789288231148697,18.823437457342468,13.365743398666382
Exp002_100samp_2comp_rbf,100,2,rbf,1.0,auto,0.9489473684210525,0.9393939393939394,0.8372093023255814,0.8246606334841629,0.8125,0.7647058823529411,0.7878787878787878,0.10218463706835801,18.823437457342468,0.26389646530151367
Exp003_100samp_3comp_linear,100,3,linear,0.1,N/A,0.9389473684210525,0.9494949494949495,0.8604651162790697,0.8540723981900452,0.8235294117647058,0.8235294117647058,0.8235294117647058,0.08902983321587976,24.809050762731932,0.0568394660949707
Exp004_100samp_3comp_rbf,100,3,rbf,1.0,scale,0.9489473684210525,0.9494949494949495,0.8837209302325582,0.8834841628959276,0.8333333333333334,0.8823529411764706,0.8571428571428571,0.06577401926239135,24.809050762731932,0.18565011024475098
Exp005_100samp_4comp_linear,100,4,linear,0.1,N/A,0.9389473684210525,0.9494949494949495,0.8604651162790697,0.8540723981900452,0.8235294117647058,0.8235294117647058,0.8235294117647058,0.08902983321587976,30.230821177526344,0.05531597137451172
Exp006_100samp_4comp_rbf,100,4,rbf,10.0,0.001,0.9389473684210525,0.9494949494949495,0.8837209302325582,0.8733031674208145,0.875,0.8235294117647058,0.8484848484848485,0.06577401926239135,30.230821177526344,0.20563578605651855
Exp007_100samp_5comp_linear,100,5,linear,1.0,N/A,0.9489473684210527,0.9696969696969697,0.8837209302325582,0.8834841628959276,0.8333333333333334,0.8823529411764706,0.8571428571428571,0.08597603946441157,34.79788880078177,0.0590360164642334
Exp008_100samp_5comp_rbf,100,5,rbf,10.0,0.001,0.9389473684210525,0.9393939393939394,0.9069767441860465,0.8925339366515836,0.9333333333333333,0.8235294117647058,0.875,0.03241719520789299,34.79788880078177,0.23046135902404785
Exp009_100samp_6comp_linear,100,6,linear,10.0,N/A,0.9589473684210527,0.9696969696969697,0.9069767441860465,0.9027149321266968,0.8823529411764706,0.8823529411764706,0.8823529411764706,0.06272022551092327,39.17058407350488,0.053740501403808594
Exp010_100samp_6comp_rbf,100,6,rbf,10.0,0.001,0.9389473684210525,0.9393939393939394,0.9069767441860465,0.8925339366515836,0.9333333333333333,0.8235294117647058,0.875,0.03241719520789299,39.17058407350488,0.25878190994262695
Exp011_100samp_7comp_linear,100,7,linear,10.0,N/A,0.9689473684210526,0.9696969696969697,0.8837209302325582,0.8834841628959276,0.8333333333333334,0.8823529411764706,0.8571428571428571,0.08597603946441157,43.116469527641414,0.06984210014343262
Exp012_100samp_7comp_rbf,100,7,rbf,100.0,0.001,0.9589473684210527,0.9696969696969697,0.9069767441860465,0.9027149321266968,0.8823529411764706,0.8823529411764706,0.8823529411764706,0.06272022551092327,43.116469527641414,0.2202928066253662
Exp013_100samp_8comp_linear,100,8,linear,10.0,N/A,0.9689473684210526,0.9696969696969697,0.8604651162790697,0.8642533936651584,0.7894736842105263,0.8823529411764706,0.8333333333333334,0.10923185341789998,46.94806804865574,0.07039427757263184
Exp014_100samp_8comp_rbf,100,8,rbf,100.0,0.001,0.9589473684210527,0.9696969696969697,0.8372093023255814,0.8450226244343891,0.75,0.8823529411764706,0.8108108108108109,0.13248766737138828,46.94806804865574,0.19846248626708984
Exp015_200samp_2comp_linear,200,2,linear,0.01,N/A,0.8893589743589743,0.8944723618090452,0.8488372093023255,0.829185520361991,0.8620689655172413,0.7352941176470589,0.7936507936507936,0.04563515250671968,16.7845007232237,0.06622099876403809
Exp016_200samp_2comp_rbf,200,2,rbf,0.1,scale,0.8842307692307692,0.8793969849246231,0.8255813953488372,0.8048642533936652,0.8275862068965517,0.7058823529411765,0.7619047619047619,0.053815589575785916,16.7845007232237,0.21213364601135254
Exp017_200samp_3comp_linear,200,3,linear,0.01,N/A,0.8794871794871796,0.8844221105527639,0.8255813953488372,0.8099547511312217,0.8064516129032258,0.7352941176470589,0.7692307692307693,0.05884071520392664,20.96127772142658,0.06854748725891113
Exp018_200samp_3comp_rbf,200,3,rbf,1.0,0.01,0.8944871794871796,0.8994974874371859,0.813953488372093,0.8003393665158371,0.78125,0.7352941176470589,0.7575757575757576,0.08554399906509291,20.96127772142658,0.2109065055847168
Exp019_200samp_4comp_linear,200,4,linear,0.01,N/A,0.8694871794871796,0.8743718592964824,0.8255813953488372,0.8099547511312217,0.8064516129032258,0.7352941176470589,0.7692307692307693,0.04879046394764519,24.670973088792433,0.08220410346984863
Exp020_200samp_4comp_rbf,200,4,rbf,10.0,scale,0.9044871794871794,0.9296482412060302,0.813953488372093,0.8105203619909502,0.75,0.7941176470588235,0.7714285714285715,0.11569475283393715,24.670973088792433,0.208604097366333
Exp021_200samp_5comp_linear,200,5,linear,0.01,N/A,0.8694871794871796,0.8693467336683417,0.813953488372093,0.8003393665158371,0.78125,0.7352941176470589,0.7575757575757576,0.05539324529624867,28.284202749129207,0.14177227020263672
Exp022_200samp_5comp_rbf,200,5,rbf,1.0,0.01,0.8993589743589745,0.9095477386934674,0.8372093023255814,0.8195701357466063,0.8333333333333334,0.7352941176470589,0.78125,0.07233843636788595,28.284202749129207,0.1970233917236328
Exp023_200samp_6comp_linear,200,6,linear,0.01,N/A,0.8944871794871796,0.9095477386934674,0.8255813953488372,0.8099547511312217,0.8064516129032258,0.7352941176470589,0.7692307692307693,0.08396634334463016,31.66588833093086,0.0751500129699707
Exp024_200samp_6comp_rbf,200,6,rbf,1.0,0.01,0.9093589743589744,0.9195979899497487,0.8372093023255814,0.8195701357466063,0.8333333333333334,0.7352941176470589,0.78125,0.08238868762416729,31.66588833093086,0.2534811496734619
Exp025_200samp_7comp_linear,200,7,linear,0.01,N/A,0.8994871794871795,0.9045226130653267,0.8372093023255814,0.8144796380090498,0.8571428571428571,0.7058823529411765,0.7741935483870968,0.06731331073974522,34.90309810227398,0.1290726661682129
Exp026_200samp_7comp_rbf,200,7,rbf,10.0,scale,0.8996153846153847,0.9547738693467337,0.8604651162790697,0.8540723981900452,0.8235294117647058,0.8235294117647058,0.8235294117647058,0.09430875306766395,34.90309810227398,0.24530744552612305
Exp027_200samp_8comp_linear,200,8,linear,1.0,N/A,0.9046153846153846,0.9195979899497487,0.9069767441860465,0.8976244343891402,0.90625,0.8529411764705882,0.8787878787878788,0.012621245763702271,38.092919759487046,0.11904716491699219
Exp028_200samp_8comp_rbf,200,8,rbf,10.0,0.01,0.9044871794871796,0.9195979899497487,0.8837209302325582,0.8733031674208145,0.875,0.8235294117647058,0.8484848484848485,0.035877059717190574,38.092919759487046,0.2554817199707031
Exp029_300samp_2comp_linear,300,2,linear,0.1,N/A,0.8824293785310733,0.8825503355704698,0.875968992248062,0.860105580693816,0.8888888888888888,0.7843137254901961,0.8333333333333334,0.006581343322407784,13.71919818969739,0.09265589714050293
Exp030_300samp_2comp_rbf,300,2,rbf,100.0,0.01,0.8991525423728813,0.9093959731543624,0.8837209302325582,0.8699095022624435,0.8913043478260869,0.803921568627451,0.845360824742268,0.025675042921804225,13.71919818969739,0.24820995330810547
Exp031_300samp_3comp_linear,300,3,linear,100.0,N/A,0.892542372881356,0.9026845637583892,0.875968992248062,0.8634992458521871,0.8723404255319149,0.803921568627451,0.8367346938775511,0.02671557151032722,19.108836763621635,0.07530355453491211
Exp032_300samp_3comp_rbf,300,3,rbf,100.0,0.01,0.8992090395480226,0.9161073825503355,0.8992248062015504,0.8861236802413273,0.9130434782608695,0.8235294117647058,0.865979381443299,0.016882576348785094,19.108836763621635,0.2191319465637207
Exp033_300samp_4comp_linear,300,4,linear,10.0,N/A,0.8925988700564972,0.9026845637583892,0.875968992248062,0.8634992458521871,0.8723404255319149,0.803921568627451,0.8367346938775511,0.02671557151032722,22.629485343702388,0.1085503101348877
Exp034_300samp_4comp_rbf,300,4,rbf,10.0,auto,0.912542372881356,0.9328859060402684,0.875968992248062,0.8634992458521871,0.8723404255319149,0.803921568627451,0.8367346938775511,0.056916913792206425,22.629485343702388,1.1039867401123047
Exp035_300samp_5comp_linear,300,5,linear,0.1,N/A,0.8891525423728813,0.9093959731543624,0.9069767441860465,0.8993212669683258,0.8979591836734694,0.8627450980392157,0.88,0.002419228968315923,25.928578149688015,0.4108462333679199
Exp036_300samp_5comp_rbf,300,5,rbf,10.0,scale,0.9057627118644067,0.9328859060402684,0.9069767441860465,0.8959276018099547,0.9148936170212766,0.8431372549019608,0.8775510204081632,0.025909161854221985,25.928578149688015,1.1258835792541504
Exp037_300samp_6comp_linear,300,6,linear,1.0,N/A,0.8893785310734463,0.9060402684563759,0.8914728682170543,0.8865007541478129,0.8627450980392157,0.8627450980392157,0.8627450980392157,0.01456740023932157,28.974197942557396,0.3190908432006836
Exp038_300samp_6comp_rbf,300,6,rbf,100.0,0.01,0.9057627118644067,0.9261744966442953,0.8837209302325582,0.8699095022624435,0.8913043478260869,0.803921568627451,0.845360824742268,0.04245356641173714,28.974197942557396,1.200592041015625
Exp039_300samp_7comp_linear,300,7,linear,1.0,N/A,0.9060451977401132,0.9060402684563759,0.8837209302325582,0.8766968325791855,0.86,0.8431372549019608,0.8514851485148515,0.02231933822381771,31.90293756339383,0.3053781986236572
Exp040_300samp_7comp_rbf,300,7,rbf,100.0,0.001,0.8993785310734463,0.9161073825503355,0.8992248062015504,0.8929110105580694,0.88,0.8627450980392157,0.8712871287128713,0.016882576348785094,31.90293756339383,1.2766494750976562
Exp041_300samp_8comp_linear,300,8,linear,10.0,N/A,0.8992090395480228,0.9194630872483222,0.8992248062015504,0.8963046757164403,0.8653846153846154,0.8823529411764706,0.8737864077669902,0.020238281046771722,34.69945872372185,0.2868342399597168
Exp042_300samp_8comp_rbf,300,8,rbf,10.0,0.01,0.9025423728813561,0.9261744966442953,0.8837209302325582,0.8733031674208145,0.875,0.8235294117647058,0.8484848484848485,0.04245356641173714,34.69945872372185,1.0405642986297607
Exp043_400samp_2comp_linear,400,2,linear,1.0,N/A,0.8847468354430379,0.8796992481203008,0.8837209302325582,0.874208526804559,0.8769230769230769,0.8260869565217391,0.8507462686567164,0.0040216821122573965,16.710879817495655,0.28037452697753906
Exp044_400samp_2comp_rbf,400,2,rbf,10.0,0.01,0.8847468354430379,0.8822055137844611,0.877906976744186,0.8669621499929647,0.875,0.8115942028985508,0.8421052631578947,0.004298537040275052,16.710879817495655,1.1159839630126953
Exp045_400samp_3comp_linear,400,3,linear,0.01,N/A,0.8822151898734176,0.8822055137844611,0.8662790697674418,0.8524693963697763,0.8709677419354839,0.782608695652174,0.8244274809160306,0.01592644401701926,20.279780173817457,0.23451495170593262
Exp046_400samp_3comp_rbf,400,3,rbf,1.0,0.01,0.8847468354430379,0.8847117794486216,0.872093023255814,0.8597157731813705,0.873015873015873,0.7971014492753623,0.8333333333333334,0.012618756192807612,20.279780173817457,1.4738671779632568
Exp047_400samp_4comp_linear,400,4,linear,1.0,N/A,0.8898101265822784,0.8922305764411027,0.8837209302325582,0.8789925425636697,0.855072463768116,0.855072463768116,0.855072463768116,0.008509646208544552,23.637947259647834,0.2544865608215332
Exp048_400samp_4comp_rbf,400,4,rbf,1.0,0.1,0.8948101265822785,0.8972431077694235,0.8895348837209303,0.8814549036161531,0.8787878787878788,0.8405797101449275,0.8592592592592593,0.007708224048493251,23.637947259647834,1.3985555171966553
Exp049_400samp_5comp_linear,400,5,linear,0.1,N/A,0.8947784810126581,0.8972431077694235,0.8895348837209303,0.8862389193752638,0.8571428571428571,0.8695652173913043,0.8633093525179856,0.007708224048493251,26.705327625991277,0.2846646308898926
Exp050_400samp_5comp_rbf,400,5,rbf,1.0,0.01,0.8923101265822785,0.8972431077694235,0.8895348837209303,0.8790628957365978,0.890625,0.8260869565217391,0.8571428571428571,0.007708224048493251,26.705327625991277,1.2405526638031006
Exp051_400samp_6comp_linear,400,6,linear,1.0,N/A,0.8873101265822786,0.8947368421052632,0.9011627906976745,0.8959476572393414,0.8823529411764706,0.8695652173913043,0.8759124087591241,0.006425948592411301,29.672665681386135,0.29964208602905273
Exp052_400samp_6comp_rbf,400,6,rbf,1.0,scale,0.8998101265822787,0.9097744360902256,0.8953488372093024,0.8839172646686366,0.9047619047619048,0.8260869565217391,0.8636363636363636,0.014425598880923207,29.672665681386135,1.4326503276824951
Exp053_400samp_7comp_linear,400,7,linear,10.0,N/A,0.8973417721518988,0.9022556390977443,0.9127906976744186,0.9080484029829745,0.8970588235294118,0.8840579710144928,0.8905109489051095,0.01053505857667425,32.46743872737453,0.5043823719024658
Exp054_400samp_7comp_rbf,400,7,rbf,10.0,scale,0.9023417721518987,0.9223057644110275,0.8953488372093024,0.8863092725481919,0.8923076923076924,0.8405797101449275,0.8656716417910447,0.026956927201725156,32.46743872737453,1.3560595512390137
Exp055_400samp_8comp_linear,400,8,linear,10.0,N/A,0.9023101265822785,0.9022556390977443,0.9069767441860465,0.9031940340509357,0.8840579710144928,0.8840579710144928,0.8840579710144928,0.004721105088302147,35.19314097555713,0.4555037021636963
Exp056_400samp_8comp_rbf,400,8,rbf,1.0,scale,0.9048101265822786,0.9097744360902256,0.8953488372093024,0.8815252567890812,0.9180327868852459,0.8115942028985508,0.8615384615384616,0.014425598880923207,35.19314097555713,1.3261377811431885
Exp057_500samp_2comp_linear,500,2,linear,1.0,N/A,0.8698989898989901,0.8657314629258517,0.8883720930232558,0.8817829457364341,0.8690476190476191,0.8488372093023255,0.8588235294117647,0.022640630097404135,15.836419095119913,0.34218597412109375
Exp058_500samp_2comp_rbf,500,2,rbf,1.0,scale,0.86789898989899,0.8717434869739479,0.8930232558139535,0.8875968992248062,0.8705882352941177,0.8604651162790697,0.8654970760233918,0.021279768840005597,15.836419095119913,1.3669822216033936
Exp059_500samp_3comp_linear,500,3,linear,0.1,N/A,0.8698989898989898,0.8717434869739479,0.8930232558139535,0.8856589147286822,0.8795180722891566,0.8488372093023255,0.863905325443787,0.021279768840005597,20.807971166613267,0.32413291931152344
Exp060_500samp_3comp_rbf,500,3,rbf,100.0,0.001,0.871919191919192,0.8717434869739479,0.8930232558139535,0.8875968992248062,0.8705882352941177,0.8604651162790697,0.8654970760233918,0.021279768840005597,20.807971166613267,1.6023437976837158
Exp061_500samp_4comp_linear,500,4,linear,10.0,N/A,0.8739191919191919,0.8717434869739479,0.8837209302325582,0.8837209302325582,0.8351648351648352,0.8837209302325582,0.8587570621468926,0.011977443258610276,24.267426846830553,0.41768789291381836
Exp062_500samp_4comp_rbf,500,4,rbf,1.0,scale,0.873939393939394,0.8797595190380761,0.9069767441860465,0.9069767441860465,0.8666666666666667,0.9069767441860465,0.8863636363636364,0.027217225147970314,24.267426846830553,1.5539684295654297
Exp063_500samp_5comp_linear,500,5,linear,1.0,N/A,0.881939393939394,0.8817635270541082,0.9023255813953488,0.9011627906976745,0.8651685393258427,0.8953488372093024,0.88,0.020562054341240588,27.366088351007615,0.5379648208618164
Exp064_500samp_5comp_rbf,500,5,rbf,100.0,0.01,0.9039393939393939,0.9158316633266533,0.8790697674418605,0.8798449612403101,0.8260869565217391,0.8837209302325582,0.8539325842696629,0.03676189588479284,27.366088351007615,1.3758819103240967
Exp065_500samp_6comp_linear,500,6,linear,1.0,N/A,0.883939393939394,0.8777555110220441,0.8883720930232558,0.8895348837209303,0.8369565217391305,0.8953488372093024,0.8651685393258427,0.010616582001211738,30.270007944842543,0.6855714321136475
Exp066_500samp_6comp_rbf,500,6,rbf,100.0,0.01,0.903878787878788,0.9198396793587175,0.8651162790697674,0.8662790697674418,0.8064516129032258,0.872093023255814,0.8379888268156425,0.054723400288950064,30.270007944842543,1.3763244152069092
Exp067_500samp_7comp_linear,500,7,linear,1.0,N/A,0.881939393939394,0.8897795591182365,0.8837209302325582,0.8837209302325582,0.8351648351648352,0.8837209302325582,0.8587570621468926,0.006058628885678319,33.119036360918045,0.8680777549743652
Exp068_500samp_7comp_rbf,500,7,rbf,100.0,0.01,0.9018989898989899,0.9198396793587175,0.8697674418604651,0.8701550387596899,0.8152173913043478,0.872093023255814,0.8426966292134831,0.0500722374982524,33.119036360918045,1.4922418594360352
Exp069_500samp_8comp_linear,500,8,linear,1.0,N/A,0.919939393939394,0.9238476953907816,0.9069767441860465,0.9011627906976745,0.8928571428571429,0.872093023255814,0.8823529411764706,0.01687095120473514,35.872377317290436,0.7701735496520996
Exp070_500samp_8comp_rbf,500,8,rbf,100.0,0.001,0.9179393939393939,0.9238476953907816,0.9209302325581395,0.9147286821705427,0.9156626506024096,0.8837209302325582,0.8994082840236687,0.002917462832642048,35.872377317290436,1.4902186393737793
Exp071_600samp_2comp_linear,600,2,linear,0.1,N/A,0.8865126050420168,0.8864774624373957,0.8798449612403101,0.8690573128719072,0.875,0.8155339805825242,0.8442211055276382,0.006632501197085583,17.804339444180535,0.2977876663208008
Exp072_600samp_2comp_rbf,600,2,rbf,100.0,1,0.8931932773109243,0.8981636060100167,0.875968992248062,0.8658315064202944,0.865979381443299,0.8155339805825242,0.84,0.02219461376195464,17.804339444180535,1.6870877742767334
Exp073_600samp_3comp_linear,600,3,linear,0.1,N/A,0.889859943977591,0.8898163606010017,0.8875968992248062,0.8787660507359849,0.8775510204081632,0.8349514563106796,0.8557213930348259,0.002219461376195442,21.625872585812715,0.3238232135772705
Exp074_600samp_3comp_rbf,600,3,rbf,100.0,0.01,0.8965266106442578,0.8981636060100167,0.872093023255814,0.8658628249295333,0.8431372549019608,0.8349514563106796,0.8390243902439024,0.02607058275420271,21.625872585812715,1.5437753200531006
Exp075_600samp_4comp_linear,600,4,linear,100.0,N/A,0.889859943977591,0.8848080133555927,0.8798449612403101,0.8755715627936109,0.8461538461538461,0.8543689320388349,0.8502415458937198,0.004963052115282585,25.043332507726042,0.45672130584716797
Exp076_600samp_4comp_rbf,600,4,rbf,1.0,0.1,0.8965126050420167,0.9031719532554258,0.8875968992248062,0.8803946132164109,0.87,0.8446601941747572,0.8571428571428571,0.01557505403061954,25.043332507726042,1.8907678127288818
Exp077_600samp_5comp_linear,600,5,linear,10.0,N/A,0.8915266106442576,0.8948247078464107,0.872093023255814,0.8658628249295333,0.8431372549019608,0.8349514563106796,0.8390243902439024,0.022731684590596712,28.045420867761962,0.5598692893981934
Exp078_600samp_5comp_rbf,600,5,rbf,100.0,0.001,0.8965126050420169,0.8931552587646077,0.875968992248062,0.8658315064202944,0.865979381443299,0.8155339805825242,0.84,0.017186266516545645,28.045420867761962,1.8003625869750977
Exp079_600samp_6comp_linear,600,6,linear,10.0,N/A,0.8915266106442576,0.8881469115191987,0.8798449612403101,0.8739430003131851,0.8529411764705882,0.8446601941747572,0.848780487804878,0.008301950278888581,30.9769392003293,0.6316564083099365
Exp080_600samp_6comp_rbf,600,6,rbf,100.0,0.01,0.8932072829131652,0.9131886477462438,0.8953488372093024,0.8901033510804885,0.8725490196078431,0.8640776699029126,0.8682926829268293,0.017839810536941392,30.9769392003293,1.9630773067474365
Exp081_600samp_7comp_linear,600,7,linear,10.0,N/A,0.8865266106442578,0.8898163606010017,0.875968992248062,0.8707171938615721,0.8446601941747572,0.8446601941747572,0.8446601941747572,0.013847368352939649,33.73143175672724,0.7313015460968018
Exp082_600samp_7comp_rbf,600,7,rbf,100.0,0.001,0.8931652661064426,0.8964941569282137,0.8798449612403101,0.8658001879110554,0.8913043478260869,0.7961165048543689,0.841025641025641,0.016649195687903573,33.73143175672724,1.7737877368927002
Exp083_600samp_8comp_linear,600,8,linear,10.0,N/A,0.8898459383753501,0.8998330550918197,0.8914728682170543,0.8852489821484497,0.8712871287128713,0.8543689320388349,0.8627450980392157,0.008360186874765363,36.3669034557911,1.2151727676391602
Exp084_600samp_8comp_rbf,600,8,rbf,100.0,0.001,0.8981932773109245,0.9048414023372288,0.9031007751937985,0.8916692765424366,0.9148936170212766,0.8349514563106796,0.8730964467005076,0.0017406271434302623,36.3669034557911,1.9566857814788818
Exp085_700samp_2comp_linear,700,2,linear,1.0,N/A,0.8642857142857142,0.8685714285714285,0.88,0.8680555555555556,0.8818181818181818,0.8083333333333333,0.8434782608695652,0.011428571428571455,14.892454518465106,0.3574073314666748
Exp086_700samp_2comp_rbf,700,2,rbf,1.0,scale,0.8714285714285713,0.8742857142857143,0.89,0.8805555555555555,0.8849557522123894,0.8333333333333334,0.8583690987124464,0.01571428571428568,14.892454518465106,2.3224122524261475
Exp087_700samp_3comp_linear,700,3,linear,1.0,N/A,0.8728571428571428,0.8742857142857143,0.8866666666666667,0.8736111111111111,0.8981481481481481,0.8083333333333333,0.8508771929824561,0.012380952380952381,19.29840340498218,0.3719000816345215
Exp088_700samp_3comp_rbf,700,3,rbf,100.0,0.001,0.8728571428571428,0.8742857142857143,0.8933333333333333,0.8805555555555555,0.9074074074074074,0.8166666666666667,0.8596491228070176,0.01904761904761898,19.29840340498218,2.248950958251953
Exp089_700samp_4comp_linear,700,4,linear,1.0,N/A,0.8628571428571428,0.87,0.89,0.8791666666666667,0.8918918918918919,0.825,0.8571428571428571,0.020000000000000018,22.536056086511827,0.5068140029907227
Exp090_700samp_4comp_rbf,700,4,rbf,10.0,auto,0.8728571428571428,0.8985714285714286,0.8866666666666667,0.8791666666666667,0.8706896551724138,0.8416666666666667,0.8559322033898306,0.011904761904761862,22.536056086511827,1.4693684577941895
Exp091_700samp_5comp_linear,700,5,linear,10.0,N/A,0.8699999999999999,0.8714285714285714,0.8933333333333333,0.8819444444444444,0.9,0.825,0.8608695652173913,0.02190476190476187,25.637733054163185,0.2939591407775879
Exp092_700samp_5comp_rbf,700,5,rbf,100.0,0.1,0.8771428571428572,0.9171428571428571,0.8833333333333333,0.875,0.8695652173913043,0.8333333333333334,0.851063829787234,0.033809523809523845,25.637733054163185,0.5509345531463623
Exp093_700samp_6comp_linear,700,6,linear,1.0,N/A,0.9014285714285715,0.9028571428571428,0.9166666666666666,0.9097222222222222,0.9130434782608695,0.875,0.8936170212765957,0.013809523809523827,28.52687019729137,0.22941827774047852
Exp094_700samp_6comp_rbf,700,6,rbf,100.0,0.001,0.9014285714285715,0.9042857142857142,0.9166666666666666,0.9111111111111111,0.905982905982906,0.8833333333333333,0.8945147679324894,0.012380952380952381,28.52687019729137,0.46782612800598145
Exp095_700samp_7comp_linear,700,7,linear,0.1,N/A,0.9,0.9028571428571428,0.9133333333333333,0.9055555555555556,0.9122807017543859,0.8666666666666667,0.8888888888888888,0.010476190476190528,31.334616418915733,0.2517085075378418
Exp096_700samp_7comp_rbf,700,7,rbf,100.0,0.001,0.902857142857143,0.9057142857142857,0.9233333333333333,0.9166666666666666,0.9217391304347826,0.8833333333333333,0.902127659574468,0.017619047619047645,31.334616418915733,0.44360923767089844
Exp097_700samp_8comp_linear,700,8,linear,1.0,N/A,0.9014285714285715,0.9014285714285715,0.9133333333333333,0.9069444444444444,0.9051724137931034,0.875,0.8898305084745762,0.011904761904761862,34.09905933040113,0.2318263053894043
Exp098_700samp_8comp_rbf,700,8,rbf,100.0,0.001,0.9042857142857145,0.91,0.92,0.9125,0.9210526315789473,0.875,0.8974358974358975,0.010000000000000009,34.09905933040113,0.42794108390808105
Exp099_800samp_2comp_linear,800,2,linear,0.1,N/A,0.8836242138364779,0.8836045056320401,0.8746355685131195,0.8675147048401957,0.8507462686567164,0.8321167883211679,0.8413284132841329,0.00896893711892055,16.038701926493783,0.10009622573852539
Exp100_800samp_2comp_rbf,800,2,rbf,100.0,1,0.8848663522012579,0.8961201501877347,0.8658892128279884,0.8577882503011836,0.8421052631578947,0.8175182481751825,0.8296296296296296,0.030230937359746357,16.038701926493783,0.5008864402770996
Exp101_800samp_3comp_linear,800,3,linear,0.1,N/A,0.8836242138364782,0.8836045056320401,0.8746355685131195,0.8675147048401957,0.8507462686567164,0.8321167883211679,0.8413284132841329,0.00896893711892055,19.730157063351736,0.12887859344482422
Exp102_800samp_3comp_rbf,800,3,rbf,1.0,scale,0.8848663522012579,0.8873591989987485,0.8775510204081632,0.8687194387357381,0.8625954198473282,0.8248175182481752,0.8432835820895522,0.009808178590585248,19.730157063351736,0.4301462173461914
Exp103_800samp_4comp_linear,800,4,linear,0.1,N/A,0.8836242138364782,0.8836045056320401,0.8775510204081632,0.871164339876692,0.8518518518518519,0.8394160583941606,0.8455882352941176,0.006053485223876831,23.193356599869887,0.19004273414611816
Exp104_800samp_4comp_rbf,800,4,rbf,1.0,0.1,0.8898820754716981,0.8948685857321652,0.8746355685131195,0.8662922542697187,0.8560606060606061,0.8248175182481752,0.8401486988847584,0.02023301721904569,23.193356599869887,0.5878634452819824
Exp105_800samp_5comp_linear,800,5,linear,0.1,N/A,0.8823584905660378,0.8836045056320401,0.880466472303207,0.8735915243427114,0.8582089552238806,0.8394160583941606,0.8487084870848709,0.003138033328833112,26.288806393821456,0.1869645118713379
Exp106_800samp_5comp_rbf,800,5,rbf,100.0,0.01,0.8948820754716982,0.9036295369211514,0.8775510204081632,0.8687194387357381,0.8625954198473282,0.8248175182481752,0.8432835820895522,0.026078516512988204,26.288806393821456,0.46005725860595703
Exp107_800samp_6comp_linear,800,6,linear,0.1,N/A,0.884874213836478,0.8886107634543179,0.880466472303207,0.8723690737722345,0.8636363636363636,0.8321167883211679,0.8475836431226765,0.008144291151110927,29.228257172127737,0.21653413772583008
Exp108_800samp_6comp_rbf,800,6,rbf,1.0,scale,0.9011556603773585,0.9123904881101377,0.880466472303207,0.8711466232017575,0.8692307692307693,0.8248175182481752,0.846441947565543,0.03192401580693072,29.228257172127737,0.46167445182800293
Exp109_800samp_7comp_linear,800,7,linear,0.1,N/A,0.8823742138364781,0.8873591989987485,0.8746355685131195,0.8662922542697187,0.8560606060606061,0.8248175182481752,0.8401486988847584,0.012723630485628967,31.977819256888612,0.22060370445251465
Exp110_800samp_7comp_rbf,800,7,rbf,1.0,scale,0.8986556603773586,0.9136420525657072,0.880466472303207,0.8711466232017575,0.8692307692307693,0.8248175182481752,0.846441947565543,0.033175580262500226,31.977819256888612,0.46741390228271484
Exp111_800samp_8comp_linear,800,8,linear,1.0,N/A,0.896124213836478,0.9011264080100125,0.8979591836734694,0.8918219828502587,0.8805970149253731,0.8613138686131386,0.8708487084870848,0.0031672243365431507,34.63903450904952,0.3267018795013428
Exp112_800samp_8comp_rbf,800,8,rbf,1.0,scale,0.9073977987421384,0.9161451814768461,0.8892128279883382,0.8820955283112466,0.8721804511278195,0.8467153284671532,0.8592592592592593,0.026932353488507865,34.63903450904952,0.4691915512084961
Exp113_900samp_2comp_linear,900,2,linear,1.0,N/A,0.8842830540037244,0.8876529477196885,0.8704663212435233,0.8638602776533811,0.8421052631578947,0.8311688311688312,0.8366013071895425,0.0171866264761652,17.367573569249885,0.11911773681640625
Exp114_900samp_2comp_rbf,900,2,rbf,1.0,1,0.8853941651148354,0.8898776418242491,0.8756476683937824,0.8692622033139275,0.8486842105263158,0.8376623376623377,0.8431372549019608,0.014229973430466725,17.367573569249885,0.5198910236358643
Exp115_900samp_3comp_linear,900,3,linear,0.1,N/A,0.8820608317815022,0.8832035595105673,0.8704663212435233,0.8638602776533811,0.8421052631578947,0.8311688311688312,0.8366013071895425,0.012737238267043982,21.67638884462126,0.11737728118896484
Exp116_900samp_3comp_rbf,900,3,rbf,100.0,0.01,0.8876288019863438,0.8876529477196885,0.8704663212435233,0.8649518584863413,0.8376623376623377,0.8376623376623377,0.8376623376623377,0.0171866264761652,21.67638884462126,0.4287588596343994
Exp117_900samp_4comp_linear,900,4,linear,0.1,N/A,0.882054624456859,0.882091212458287,0.8730569948186528,0.8681986117330944,0.8387096774193549,0.8441558441558441,0.8414239482200647,0.00903421763963419,25.277367019788244,0.14084243774414062
Exp118_900samp_4comp_rbf,900,4,rbf,10.0,scale,0.8931967721911855,0.8987764182424917,0.8730569948186528,0.8660154500671742,0.847682119205298,0.8311688311688312,0.839344262295082,0.025719423423838816,25.277367019788244,0.4260375499725342
Exp119_900samp_5comp_linear,900,5,linear,1.0,N/A,0.8876101800124147,0.8909899888765295,0.8886010362694301,0.8865875503806538,0.8490566037735849,0.8766233766233766,0.8626198083067093,0.0023889526070993705,28.34811066609729,0.16809630393981934
Exp120_900samp_5comp_rbf,900,5,rbf,10.0,scale,0.9009745499689632,0.9121245828698554,0.8808290155440415,0.8735725481415136,0.86,0.8376623376623377,0.8486842105263158,0.031295567325813956,28.34811066609729,0.44845151901245117
Exp121_900samp_6comp_linear,900,6,linear,10.0,N/A,0.8909435133457478,0.8921023359288098,0.8911917098445595,0.8887427227944469,0.8544303797468354,0.8766233766233766,0.8653846153846154,0.0009106260842502989,31.236405911539457,0.24304580688476562
Exp122_900samp_6comp_rbf,900,6,rbf,1.0,scale,0.9054376163873371,0.9132369299221357,0.9015544041450777,0.8973634124496194,0.8766233766233766,0.8766233766233766,0.8766233766233766,0.011682525777057973,31.236405911539457,0.4211702346801758
Exp123_900samp_7comp_linear,900,7,linear,1.0,N/A,0.8865052762259467,0.8887652947719689,0.883419689119171,0.8790024630541872,0.8516129032258064,0.8571428571428571,0.8543689320388349,0.005345605652797847,33.979400356448224,0.31595945358276367
Exp124_900samp_7comp_rbf,900,7,rbf,10.0,0.01,0.9076598386095593,0.9165739710789766,0.9015544041450777,0.8962718316166591,0.881578947368421,0.8701298701298701,0.8758169934640523,0.015019566933898942,33.979400356448224,0.4922647476196289
Exp125_900samp_8comp_linear,900,8,linear,10.0,N/A,0.8876225946617007,0.8954393770856507,0.8860103626943006,0.8822492163009404,0.8525641025641025,0.8636363636363636,0.8580645161290322,0.009429014391350132,36.64766791794206,0.4212512969970703
Exp126_900samp_8comp_rbf,900,8,rbf,100.0,0.01,0.9043202979515828,0.9199110122358176,0.9015544041450777,0.8962718316166591,0.881578947368421,0.8701298701298701,0.8758169934640523,0.018356608090739912,36.64766791794206,0.47480273246765137
Exp127_1000samp_2comp_linear,1000,2,linear,1.0,N/A,0.8658442211055277,0.8658658658658659,0.8834498834498834,0.8754929960560316,0.8666666666666667,0.8362573099415205,0.8511904761904762,0.01758401758401751,15.77594758363084,0.10163283348083496
Exp128_1000samp_2comp_rbf,1000,2,rbf,10.0,auto,0.8728341708542715,0.8778778778778779,0.8694638694638694,0.8599211206310349,0.852760736196319,0.8128654970760234,0.8323353293413174,0.008414008414008411,15.77594758363084,0.5268239974975586
Exp129_1000samp_3comp_linear,1000,3,linear,1.0,N/A,0.8638391959798994,0.8618618618618619,0.8787878787878788,0.8696450428396573,0.8650306748466258,0.8245614035087719,0.844311377245509,0.016926016926016918,20.567294845950798,0.13442659378051758
Exp130_1000samp_3comp_rbf,1000,3,rbf,100.0,scale,0.8818341708542714,0.8908908908908909,0.8717948717948718,0.8618591051271589,0.8580246913580247,0.8128654970760234,0.8348348348348348,0.0190960190960191,20.567294845950798,0.5066256523132324
Exp131_1000samp_4comp_linear,1000,4,linear,0.1,N/A,0.8738542713567841,0.8748748748748749,0.8811188811188811,0.8725690194478444,0.8658536585365854,0.8304093567251462,0.8477611940298507,0.006244006244006228,23.943618996419413,0.15525150299072266
Exp132_1000samp_4comp_rbf,1000,4,rbf,1.0,scale,0.8868492462311558,0.8928928928928929,0.8764568764568764,0.8686930504555963,0.8554216867469879,0.8304093567251462,0.8427299703264095,0.016436016436016443,23.943618996419413,0.6167078018188477
Exp133_1000samp_5comp_linear,1000,5,linear,10.0,N/A,0.8748643216080403,0.8818818818818819,0.8787878787878788,0.8735890112879097,0.847953216374269,0.847953216374269,0.847953216374269,0.003094003094003095,26.959633339374438,0.26998114585876465
Exp134_1000samp_5comp_rbf,1000,5,rbf,10.0,0.01,0.8858643216080402,0.8928928928928929,0.8741258741258742,0.8667550659594723,0.8502994011976048,0.8304093567251462,0.8402366863905325,0.018767018767018695,26.959633339374438,0.5238468647003174
Exp135_1000samp_6comp_linear,1000,6,linear,1.0,N/A,0.8898844221105527,0.8908908908908909,0.8904428904428905,0.885250917992656,0.8647058823529412,0.8596491228070176,0.8621700879765396,0.0004480004480004185,29.801989768944377,0.25789403915405273
Exp136_1000samp_6comp_rbf,1000,6,rbf,1.0,scale,0.9038743718592965,0.908908908908909,0.8904428904428905,0.8842649258805929,0.8690476190476191,0.8538011695906432,0.8613569321533924,0.018466018466018475,29.801989768944377,0.587888240814209
Exp137_1000samp_7comp_linear,1000,7,linear,10.0,N/A,0.8908793969849247,0.8948948948948949,0.8997668997668997,0.8969468244254046,0.867816091954023,0.8830409356725146,0.8753623188405797,0.004872004872004787,32.57705007168338,0.4224262237548828
Exp138_1000samp_7comp_rbf,1000,7,rbf,100.0,0.01,0.9028693467336684,0.918918918918919,0.8927738927738927,0.8881748946008432,0.8654970760233918,0.8654970760233918,0.8654970760233918,0.02614502614502623,32.57705007168338,0.6575107574462891
Exp139_1000samp_8comp_linear,1000,8,linear,10.0,N/A,0.8858793969849247,0.8868868868868869,0.8974358974358975,0.8930368557051543,0.8713450292397661,0.8713450292397661,0.8713450292397661,0.010549010549010585,35.20375391414102,0.48575282096862793
Exp140_1000samp_8comp_rbf,1000,8,rbf,100.0,0.001,0.9049095477386935,0.9069069069069069,0.9090909090909091,0.9046987624099008,0.888235294117647,0.8830409356725146,0.8856304985337243,0.002184002184002165,35.20375391414102,0.6710150241851807
