experiment_id,exp_number,n_features,n_features_selected,shots,reps,entanglement,selected_features,best_c,cv_score,train_acc,test_acc,test_balanced_acc,precision,recall,f1_score,gen_gap,kernel_time,train_time,y_test,y_pred
Exp_f2_s1024_r1_linear,1,2,2,1024,1,linear,"['attr_13_3', 'attr_26_2']",0.1,0.5,0.5909090909090909,0.3,0.30952380952380953,0.5,0.2857142857142857,0.36363636363636365,0.29090909090909095,1.6030123233795166,5.2528979778289795,"[1, 1, 0, 0, 1, 1, 1, 1, 0, 1]","[0, 0, 1, 0, 1, 0, 0, 1, 1, 0]"
Exp_f2_s1024_r1_circular,2,2,2,1024,1,circular,"['attr_13_3', 'attr_26_2']",100.0,0.5166666666666667,0.9090909090909091,0.5,0.35714285714285715,0.625,0.7142857142857143,0.6666666666666666,0.40909090909090906,1.6520979404449463,0.02654266357421875,"[1, 1, 0, 0, 1, 1, 1, 1, 0, 1]","[0, 1, 1, 1, 1, 1, 1, 0, 1, 1]"
Exp_f2_s1024_r1_full,3,2,2,1024,1,full,"['attr_13_3', 'attr_26_2']",0.1,0.5,0.8181818181818182,0.8,0.7619047619047619,0.8571428571428571,0.8571428571428571,0.8571428571428571,0.018181818181818188,2.0323269367218018,0.025439977645874023,"[1, 1, 0, 0, 1, 1, 1, 1, 0, 1]","[1, 1, 0, 1, 1, 1, 0, 1, 0, 1]"
Exp_f2_s1024_r2_linear,4,2,2,1024,2,linear,"['attr_13_3', 'attr_26_2']",0.001,0.5,0.2727272727272727,0.3,0.5,0.0,0.0,0.0,0.027272727272727282,2.009653329849243,0.029765844345092773,"[1, 1, 0, 0, 1, 1, 1, 1, 0, 1]","[0, 0, 0, 0, 0, 0, 0, 0, 0, 0]"
Exp_f2_s1024_r2_circular,5,2,2,1024,2,circular,"['attr_13_3', 'attr_26_2']",0.001,0.5,0.2727272727272727,0.3,0.5,0.0,0.0,0.0,0.027272727272727282,1.9030215740203857,0.027425289154052734,"[1, 1, 0, 0, 1, 1, 1, 1, 0, 1]","[0, 0, 0, 0, 0, 0, 0, 0, 0, 0]"
Exp_f2_s1024_r2_full,6,2,2,1024,2,full,"['attr_13_3', 'attr_26_2']",100.0,0.5499999999999999,0.9090909090909091,0.5,0.5476190476190476,0.75,0.42857142857142855,0.5454545454545454,0.40909090909090906,1.8164031505584717,0.026561498641967773,"[1, 1, 0, 0, 1, 1, 1, 1, 0, 1]","[1, 0, 0, 0, 1, 0, 0, 1, 1, 0]"
Exp_f2_s4096_r1_linear,7,2,2,4096,1,linear,"['attr_13_3', 'attr_26_2']",100.0,0.5111111111111111,0.7727272727272727,0.7,0.5952380952380952,0.75,0.8571428571428571,0.8,0.07272727272727275,4.3590898513793945,0.02645730972290039,"[1, 1, 0, 0, 1, 1, 1, 1, 0, 1]","[1, 0, 1, 1, 1, 1, 1, 1, 0, 1]"
Exp_f2_s4096_r1_circular,8,2,2,4096,1,circular,"['attr_13_3', 'attr_26_2']",100.0,0.6,0.7727272727272727,0.5,0.45238095238095233,0.6666666666666666,0.5714285714285714,0.6153846153846154,0.2727272727272727,4.045374155044556,0.025983572006225586,"[1, 1, 0, 0, 1, 1, 1, 1, 0, 1]","[0, 1, 0, 1, 1, 1, 0, 1, 1, 0]"
Exp_f2_s4096_r1_full,9,2,2,4096,1,full,"['attr_13_3', 'attr_26_2']",0.001,0.5,0.2727272727272727,0.3,0.5,0.0,0.0,0.0,0.027272727272727282,4.2229695320129395,0.02526688575744629,"[1, 1, 0, 0, 1, 1, 1, 1, 0, 1]","[0, 0, 0, 0, 0, 0, 0, 0, 0, 0]"
Exp_f2_s4096_r2_linear,10,2,2,4096,2,linear,"['attr_13_3', 'attr_26_2']",0.001,0.5,0.2727272727272727,0.3,0.5,0.0,0.0,0.0,0.027272727272727282,4.297957420349121,0.026650428771972656,"[1, 1, 0, 0, 1, 1, 1, 1, 0, 1]","[0, 0, 0, 0, 0, 0, 0, 0, 0, 0]"
Exp_f2_s4096_r2_circular,11,2,2,4096,2,circular,"['attr_13_3', 'attr_26_2']",100.0,0.5666666666666667,0.8181818181818182,0.4,0.2857142857142857,0.5714285714285714,0.5714285714285714,0.5714285714285714,0.4181818181818182,4.433709144592285,0.02871227264404297,"[1, 1, 0, 0, 1, 1, 1, 1, 0, 1]","[0, 1, 1, 1, 1, 1, 0, 0, 1, 1]"
Exp_f2_s4096_r2_full,12,2,2,4096,2,full,"['attr_13_3', 'attr_26_2']",0.001,0.5,0.2727272727272727,0.3,0.5,0.0,0.0,0.0,0.027272727272727282,4.468074560165405,0.02577805519104004,"[1, 1, 0, 0, 1, 1, 1, 1, 0, 1]","[0, 0, 0, 0, 0, 0, 0, 0, 0, 0]"
Exp_f2_s8192_r1_linear,13,2,2,8192,1,linear,"['attr_13_3', 'attr_26_2']",0.001,0.5,0.2727272727272727,0.3,0.5,0.0,0.0,0.0,0.027272727272727282,7.20386815071106,0.030209779739379883,"[1, 1, 0, 0, 1, 1, 1, 1, 0, 1]","[0, 0, 0, 0, 0, 0, 0, 0, 0, 0]"
Exp_f2_s8192_r1_circular,14,2,2,8192,1,circular,"['attr_13_3', 'attr_26_2']",0.001,0.5,0.2727272727272727,0.3,0.5,0.0,0.0,0.0,0.027272727272727282,7.351856470108032,0.025366783142089844,"[1, 1, 0, 0, 1, 1, 1, 1, 0, 1]","[0, 0, 0, 0, 0, 0, 0, 0, 0, 0]"
Exp_f2_s8192_r1_full,15,2,2,8192,1,full,"['attr_13_3', 'attr_26_2']",0.01,0.5,0.7272727272727273,0.8,0.6666666666666666,0.7777777777777778,1.0,0.875,0.07272727272727275,7.338937520980835,0.02605128288269043,"[1, 1, 0, 0, 1, 1, 1, 1, 0, 1]","[1, 1, 1, 0, 1, 1, 1, 1, 1, 1]"
Exp_f2_s8192_r2_linear,16,2,2,8192,2,linear,"['attr_13_3', 'attr_26_2']",0.1,0.5,0.7272727272727273,0.3,0.30952380952380953,0.5,0.2857142857142857,0.36363636363636365,0.4272727272727273,7.362666130065918,0.02703547477722168,"[1, 1, 0, 0, 1, 1, 1, 1, 0, 1]","[0, 0, 1, 0, 0, 1, 0, 1, 1, 0]"
Exp_f2_s8192_r2_circular,17,2,2,8192,2,circular,"['attr_13_3', 'attr_26_2']",0.001,0.5,0.2727272727272727,0.3,0.5,0.0,0.0,0.0,0.027272727272727282,7.551399230957031,0.02684187889099121,"[1, 1, 0, 0, 1, 1, 1, 1, 0, 1]","[0, 0, 0, 0, 0, 0, 0, 0, 0, 0]"
Exp_f2_s8192_r2_full,18,2,2,8192,2,full,"['attr_13_3', 'attr_26_2']",0.001,0.5,0.2727272727272727,0.3,0.5,0.0,0.0,0.0,0.027272727272727282,7.439628839492798,0.024548053741455078,"[1, 1, 0, 0, 1, 1, 1, 1, 0, 1]","[0, 0, 0, 0, 0, 0, 0, 0, 0, 0]"
Exp_f3_s1024_r1_linear,19,3,3,1024,1,linear,"['attr_13_3', 'attr_26_2', 'attr_13_2']",0.001,0.5,0.2727272727272727,0.3,0.5,0.0,0.0,0.0,0.027272727272727282,1.8396029472351074,0.02694106101989746,"[1, 1, 0, 0, 1, 1, 1, 1, 0, 1]","[0, 0, 0, 0, 0, 0, 0, 0, 0, 0]"
Exp_f3_s1024_r1_circular,20,3,3,1024,1,circular,"['attr_13_3', 'attr_26_2', 'attr_13_2']",0.1,0.5,0.6818181818181818,0.7,0.6904761904761905,0.8333333333333334,0.7142857142857143,0.7692307692307693,0.018181818181818188,1.9611051082611084,0.02574300765991211,"[1, 1, 0, 0, 1, 1, 1, 1, 0, 1]","[0, 1, 0, 1, 1, 1, 1, 1, 0, 0]"
Exp_f3_s1024_r1_full,21,3,3,1024,1,full,"['attr_13_3', 'attr_26_2', 'attr_13_2']",0.1,0.5,0.6818181818181818,0.7,0.6904761904761905,0.8333333333333334,0.7142857142857143,0.7692307692307693,0.018181818181818188,2.0175557136535645,0.02681565284729004,"[1, 1, 0, 0, 1, 1, 1, 1, 0, 1]","[0, 1, 0, 1, 1, 1, 1, 1, 0, 0]"
Exp_f3_s1024_r2_linear,22,3,3,1024,2,linear,"['attr_13_3', 'attr_26_2', 'attr_13_2']",100.0,0.6,0.9545454545454546,0.5,0.35714285714285715,0.625,0.7142857142857143,0.6666666666666666,0.4545454545454546,2.203488826751709,0.024765968322753906,"[1, 1, 0, 0, 1, 1, 1, 1, 0, 1]","[0, 1, 1, 1, 0, 1, 1, 1, 1, 1]"
Exp_f3_s1024_r2_circular,23,3,3,1024,2,circular,"['attr_13_3', 'attr_26_2', 'attr_13_2']",10.0,0.5111111111111111,0.6363636363636364,0.5,0.5476190476190476,0.75,0.42857142857142855,0.5454545454545454,0.13636363636363635,2.3575031757354736,0.02539849281311035,"[1, 1, 0, 0, 1, 1, 1, 1, 0, 1]","[0, 1, 0, 1, 1, 1, 0, 0, 0, 0]"
Exp_f3_s1024_r2_full,24,3,3,1024,2,full,"['attr_13_3', 'attr_26_2', 'attr_13_2']",100.0,0.5111111111111111,0.9545454545454546,0.5,0.5476190476190476,0.75,0.42857142857142855,0.5454545454545454,0.4545454545454546,2.530108690261841,0.026711225509643555,"[1, 1, 0, 0, 1, 1, 1, 1, 0, 1]","[0, 0, 0, 1, 0, 1, 0, 1, 0, 1]"
Exp_f3_s4096_r1_linear,25,3,3,4096,1,linear,"['attr_13_3', 'attr_26_2', 'attr_13_2']",0.001,0.5,0.2727272727272727,0.3,0.5,0.0,0.0,0.0,0.027272727272727282,4.385042190551758,0.030256032943725586,"[1, 1, 0, 0, 1, 1, 1, 1, 0, 1]","[0, 0, 0, 0, 0, 0, 0, 0, 0, 0]"
Exp_f3_s4096_r1_circular,26,3,3,4096,1,circular,"['attr_13_3', 'attr_26_2', 'attr_13_2']",0.1,0.5,0.6818181818181818,0.7,0.6904761904761905,0.8333333333333334,0.7142857142857143,0.7692307692307693,0.018181818181818188,4.451010227203369,0.026959657669067383,"[1, 1, 0, 0, 1, 1, 1, 1, 0, 1]","[0, 1, 0, 1, 1, 1, 1, 1, 0, 0]"
Exp_f3_s4096_r1_full,27,3,3,4096,1,full,"['attr_13_3', 'attr_26_2', 'attr_13_2']",0.01,0.5,0.6818181818181818,0.7,0.6904761904761905,0.8333333333333334,0.7142857142857143,0.7692307692307693,0.018181818181818188,4.485753536224365,0.0260775089263916,"[1, 1, 0, 0, 1, 1, 1, 1, 0, 1]","[0, 1, 0, 1, 1, 1, 1, 1, 0, 0]"
Exp_f3_s4096_r2_linear,28,3,3,4096,2,linear,"['attr_13_3', 'attr_26_2', 'attr_13_2']",100.0,0.5166666666666667,1.0,0.4,0.38095238095238093,0.6,0.42857142857142855,0.5,0.6,4.88517427444458,0.026454687118530273,"[1, 1, 0, 0, 1, 1, 1, 1, 0, 1]","[0, 0, 1, 1, 0, 0, 1, 1, 0, 1]"
Exp_f3_s4096_r2_circular,29,3,3,4096,2,circular,"['attr_13_3', 'attr_26_2', 'attr_13_2']",0.1,0.5,0.7272727272727273,0.6,0.5238095238095238,0.7142857142857143,0.7142857142857143,0.7142857142857143,0.12727272727272732,4.813462734222412,0.03197431564331055,"[1, 1, 0, 0, 1, 1, 1, 1, 0, 1]","[0, 1, 0, 1, 1, 1, 1, 1, 1, 0]"
Exp_f3_s4096_r2_full,30,3,3,4096,2,full,"['attr_13_3', 'attr_26_2', 'attr_13_2']",100.0,0.5055555555555556,0.8636363636363636,0.4,0.2857142857142857,0.5714285714285714,0.5714285714285714,0.5714285714285714,0.4636363636363636,4.840412855148315,0.025673866271972656,"[1, 1, 0, 0, 1, 1, 1, 1, 0, 1]","[1, 0, 1, 1, 0, 1, 1, 0, 1, 1]"
Exp_f3_s8192_r1_linear,31,3,3,8192,1,linear,"['attr_13_3', 'attr_26_2', 'attr_13_2']",0.001,0.5,0.2727272727272727,0.3,0.5,0.0,0.0,0.0,0.027272727272727282,7.962308645248413,0.027788400650024414,"[1, 1, 0, 0, 1, 1, 1, 1, 0, 1]","[0, 0, 0, 0, 0, 0, 0, 0, 0, 0]"
Exp_f3_s8192_r1_circular,32,3,3,8192,1,circular,"['attr_13_3', 'attr_26_2', 'attr_13_2']",0.001,0.5,0.2727272727272727,0.3,0.5,0.0,0.0,0.0,0.027272727272727282,8.181816816329956,0.024744749069213867,"[1, 1, 0, 0, 1, 1, 1, 1, 0, 1]","[0, 0, 0, 0, 0, 0, 0, 0, 0, 0]"
Exp_f3_s8192_r1_full,33,3,3,8192,1,full,"['attr_13_3', 'attr_26_2', 'attr_13_2']",0.1,0.5,0.6818181818181818,0.7,0.6904761904761905,0.8333333333333334,0.7142857142857143,0.7692307692307693,0.018181818181818188,8.001723289489746,0.02520275115966797,"[1, 1, 0, 0, 1, 1, 1, 1, 0, 1]","[0, 1, 0, 1, 1, 1, 1, 1, 0, 0]"
Exp_f3_s8192_r2_linear,34,3,3,8192,2,linear,"['attr_13_3', 'attr_26_2', 'attr_13_2']",0.1,0.5,0.6818181818181818,0.7,0.6904761904761905,0.8333333333333334,0.7142857142857143,0.7692307692307693,0.018181818181818188,8.389965772628784,0.024565935134887695,"[1, 1, 0, 0, 1, 1, 1, 1, 0, 1]","[0, 1, 0, 1, 1, 1, 1, 1, 0, 0]"
Exp_f3_s8192_r2_circular,35,3,3,8192,2,circular,"['attr_13_3', 'attr_26_2', 'attr_13_2']",100.0,0.5777777777777777,0.9545454545454546,0.6,0.5238095238095238,0.7142857142857143,0.7142857142857143,0.7142857142857143,0.3545454545454546,8.555652856826782,0.02500629425048828,"[1, 1, 0, 0, 1, 1, 1, 1, 0, 1]","[1, 0, 1, 1, 1, 1, 1, 1, 0, 0]"
Exp_f3_s8192_r2_full,36,3,3,8192,2,full,"['attr_13_3', 'attr_26_2', 'attr_13_2']",0.1,0.5,0.7727272727272727,0.6,0.5238095238095238,0.7142857142857143,0.7142857142857143,0.7142857142857143,0.17272727272727273,8.289803504943848,0.029651641845703125,"[1, 1, 0, 0, 1, 1, 1, 1, 0, 1]","[0, 1, 1, 1, 1, 1, 1, 1, 0, 0]"
Exp_f4_s1024_r1_linear,37,4,4,1024,1,linear,"['attr_13_3', 'attr_26_2', 'attr_13_2', 'attr_1_1']",0.01,0.5666666666666668,0.5909090909090909,0.6,0.7142857142857143,1.0,0.42857142857142855,0.6,0.009090909090909038,2.1510844230651855,0.026100873947143555,"[1, 1, 0, 0, 1, 1, 1, 1, 0, 1]","[0, 1, 0, 0, 0, 1, 1, 0, 0, 0]"
Exp_f4_s1024_r1_circular,38,4,4,1024,1,circular,"['attr_13_3', 'attr_26_2', 'attr_13_2', 'attr_1_1']",1.0,0.5944444444444444,0.7272727272727273,0.6,0.6190476190476191,0.8,0.5714285714285714,0.6666666666666666,0.12727272727272732,2.1940226554870605,0.030063867568969727,"[1, 1, 0, 0, 1, 1, 1, 1, 0, 1]","[0, 1, 0, 1, 1, 1, 1, 0, 0, 0]"
Exp_f4_s1024_r1_full,39,4,4,1024,1,full,"['attr_13_3', 'attr_26_2', 'attr_13_2', 'attr_1_1']",10.0,0.5166666666666667,0.7272727272727273,0.6,0.6190476190476191,0.8,0.5714285714285714,0.6666666666666666,0.12727272727272732,2.6208741664886475,0.025849342346191406,"[1, 1, 0, 0, 1, 1, 1, 1, 0, 1]","[0, 1, 0, 1, 1, 1, 1, 0, 0, 0]"
Exp_f4_s1024_r2_linear,40,4,4,1024,2,linear,"['attr_13_3', 'attr_26_2', 'attr_13_2', 'attr_1_1']",0.001,0.5,0.2727272727272727,0.3,0.5,0.0,0.0,0.0,0.027272727272727282,2.5004913806915283,0.027497053146362305,"[1, 1, 0, 0, 1, 1, 1, 1, 0, 1]","[0, 0, 0, 0, 0, 0, 0, 0, 0, 0]"
Exp_f4_s1024_r2_circular,41,4,4,1024,2,circular,"['attr_13_3', 'attr_26_2', 'attr_13_2', 'attr_1_1']",10.0,0.5166666666666667,0.7272727272727273,0.6,0.6190476190476191,0.8,0.5714285714285714,0.6666666666666666,0.12727272727272732,2.7175281047821045,0.025513172149658203,"[1, 1, 0, 0, 1, 1, 1, 1, 0, 1]","[0, 1, 0, 1, 1, 1, 1, 0, 0, 0]"
Exp_f4_s1024_r2_full,42,4,4,1024,2,full,"['attr_13_3', 'attr_26_2', 'attr_13_2', 'attr_1_1']",10.0,0.5166666666666667,0.7272727272727273,0.6,0.6190476190476191,0.8,0.5714285714285714,0.6666666666666666,0.12727272727272732,3.2838618755340576,0.03053426742553711,"[1, 1, 0, 0, 1, 1, 1, 1, 0, 1]","[0, 1, 0, 1, 1, 1, 1, 0, 0, 0]"
Exp_f4_s4096_r1_linear,43,4,4,4096,1,linear,"['attr_13_3', 'attr_26_2', 'attr_13_2', 'attr_1_1']",0.01,0.5166666666666667,0.5909090909090909,0.6,0.7142857142857143,1.0,0.42857142857142855,0.6,0.009090909090909038,4.901675462722778,0.02719426155090332,"[1, 1, 0, 0, 1, 1, 1, 1, 0, 1]","[0, 1, 0, 0, 0, 1, 1, 0, 0, 0]"
Exp_f4_s4096_r1_circular,44,4,4,4096,1,circular,"['attr_13_3', 'attr_26_2', 'attr_13_2', 'attr_1_1']",1.0,0.5444444444444444,0.7272727272727273,0.6,0.6190476190476191,0.8,0.5714285714285714,0.6666666666666666,0.12727272727272732,5.0811927318573,0.02542901039123535,"[1, 1, 0, 0, 1, 1, 1, 1, 0, 1]","[0, 1, 0, 1, 1, 1, 1, 0, 0, 0]"
Exp_f4_s4096_r1_full,45,4,4,4096,1,full,"['attr_13_3', 'attr_26_2', 'attr_13_2', 'attr_1_1']",10.0,0.5166666666666667,0.7272727272727273,0.6,0.6190476190476191,0.8,0.5714285714285714,0.6666666666666666,0.12727272727272732,5.420967102050781,0.027252912521362305,"[1, 1, 0, 0, 1, 1, 1, 1, 0, 1]","[0, 1, 0, 1, 1, 1, 1, 0, 0, 0]"
Exp_f4_s4096_r2_linear,46,4,4,4096,2,linear,"['attr_13_3', 'attr_26_2', 'attr_13_2', 'attr_1_1']",0.001,0.5,0.2727272727272727,0.3,0.5,0.0,0.0,0.0,0.027272727272727282,5.391888618469238,0.030048370361328125,"[1, 1, 0, 0, 1, 1, 1, 1, 0, 1]","[0, 0, 0, 0, 0, 0, 0, 0, 0, 0]"
Exp_f4_s4096_r2_circular,47,4,4,4096,2,circular,"['attr_13_3', 'attr_26_2', 'attr_13_2', 'attr_1_1']",10.0,0.5166666666666667,0.7272727272727273,0.6,0.6190476190476191,0.8,0.5714285714285714,0.6666666666666666,0.12727272727272732,5.521896839141846,0.026534318923950195,"[1, 1, 0, 0, 1, 1, 1, 1, 0, 1]","[0, 1, 0, 1, 1, 1, 1, 0, 0, 0]"
Exp_f4_s4096_r2_full,48,4,4,4096,2,full,"['attr_13_3', 'attr_26_2', 'attr_13_2', 'attr_1_1']",10.0,0.5166666666666667,0.7272727272727273,0.6,0.6190476190476191,0.8,0.5714285714285714,0.6666666666666666,0.12727272727272732,6.2241058349609375,0.025974035263061523,"[1, 1, 0, 0, 1, 1, 1, 1, 0, 1]","[0, 1, 0, 1, 1, 1, 1, 0, 0, 0]"
Exp_f4_s8192_r1_linear,49,4,4,8192,1,linear,"['attr_13_3', 'attr_26_2', 'attr_13_2', 'attr_1_1']",0.001,0.5499999999999999,0.2727272727272727,0.3,0.5,0.0,0.0,0.0,0.027272727272727282,8.652073383331299,0.026878833770751953,"[1, 1, 0, 0, 1, 1, 1, 1, 0, 1]","[0, 0, 0, 0, 0, 0, 0, 0, 0, 0]"
Exp_f4_s8192_r1_circular,50,4,4,8192,1,circular,"['attr_13_3', 'attr_26_2', 'attr_13_2', 'attr_1_1']",1.0,0.5777777777777778,0.7272727272727273,0.6,0.6190476190476191,0.8,0.5714285714285714,0.6666666666666666,0.12727272727272732,8.75649356842041,0.02530384063720703,"[1, 1, 0, 0, 1, 1, 1, 1, 0, 1]","[0, 1, 0, 1, 1, 1, 1, 0, 0, 0]"
Exp_f4_s8192_r1_full,51,4,4,8192,1,full,"['attr_13_3', 'attr_26_2', 'attr_13_2', 'attr_1_1']",10.0,0.5166666666666667,0.7272727272727273,0.6,0.6190476190476191,0.8,0.5714285714285714,0.6666666666666666,0.12727272727272732,9.042087078094482,0.02827310562133789,"[1, 1, 0, 0, 1, 1, 1, 1, 0, 1]","[0, 1, 0, 1, 1, 1, 1, 0, 0, 0]"
Exp_f4_s8192_r2_linear,52,4,4,8192,2,linear,"['attr_13_3', 'attr_26_2', 'attr_13_2', 'attr_1_1']",0.001,0.5,0.2727272727272727,0.3,0.5,0.0,0.0,0.0,0.027272727272727282,9.246065855026245,0.0248568058013916,"[1, 1, 0, 0, 1, 1, 1, 1, 0, 1]","[0, 0, 0, 0, 0, 0, 0, 0, 0, 0]"
Exp_f4_s8192_r2_circular,53,4,4,8192,2,circular,"['attr_13_3', 'attr_26_2', 'attr_13_2', 'attr_1_1']",10.0,0.5166666666666667,0.7272727272727273,0.6,0.6190476190476191,0.8,0.5714285714285714,0.6666666666666666,0.12727272727272732,9.380401134490967,0.0263974666595459,"[1, 1, 0, 0, 1, 1, 1, 1, 0, 1]","[0, 1, 0, 1, 1, 1, 1, 0, 0, 0]"
Exp_f4_s8192_r2_full,54,4,4,8192,2,full,"['attr_13_3', 'attr_26_2', 'attr_13_2', 'attr_1_1']",100.0,0.5722222222222223,0.9090909090909091,0.5,0.45238095238095233,0.6666666666666666,0.5714285714285714,0.6153846153846154,0.40909090909090906,9.733758687973022,0.028110027313232422,"[1, 1, 0, 0, 1, 1, 1, 1, 0, 1]","[1, 0, 1, 1, 1, 1, 0, 1, 0, 0]"
Exp_f5_s1024_r1_linear,55,5,5,1024,1,linear,"['attr_13_3', 'attr_26_2', 'attr_13_2', 'attr_1_1', 'attr_3_0']",100.0,0.6,1.0,0.4,0.38095238095238093,0.6,0.42857142857142855,0.5,0.6,2.7260282039642334,0.026423215866088867,"[1, 1, 0, 0, 1, 1, 1, 1, 0, 1]","[1, 1, 1, 1, 0, 0, 1, 0, 0, 0]"
Exp_f5_s1024_r1_circular,56,5,5,1024,1,circular,"['attr_13_3', 'attr_26_2', 'attr_13_2', 'attr_1_1', 'attr_3_0']",1.0,0.5444444444444444,0.7272727272727273,0.6,0.6190476190476191,0.8,0.5714285714285714,0.6666666666666666,0.12727272727272732,2.4570844173431396,0.0331118106842041,"[1, 1, 0, 0, 1, 1, 1, 1, 0, 1]","[0, 1, 0, 1, 1, 1, 1, 0, 0, 0]"
Exp_f5_s1024_r1_full,57,5,5,1024,1,full,"['attr_13_3', 'attr_26_2', 'attr_13_2', 'attr_1_1', 'attr_3_0']",0.001,0.5,0.2727272727272727,0.3,0.5,0.0,0.0,0.0,0.027272727272727282,2.9335975646972656,0.027304887771606445,"[1, 1, 0, 0, 1, 1, 1, 1, 0, 1]","[0, 0, 0, 0, 0, 0, 0, 0, 0, 0]"
Exp_f5_s1024_r2_linear,58,5,5,1024,2,linear,"['attr_13_3', 'attr_26_2', 'attr_13_2', 'attr_1_1', 'attr_3_0']",0.01,0.5166666666666667,0.6818181818181818,0.7,0.6904761904761905,0.8333333333333334,0.7142857142857143,0.7692307692307693,0.018181818181818188,3.354400157928467,0.026236295700073242,"[1, 1, 0, 0, 1, 1, 1, 1, 0, 1]","[0, 1, 0, 1, 1, 1, 1, 1, 0, 0]"
Exp_f5_s1024_r2_circular,59,5,5,1024,2,circular,"['attr_13_3', 'attr_26_2', 'attr_13_2', 'attr_1_1', 'attr_3_0']",0.001,0.5,0.2727272727272727,0.3,0.5,0.0,0.0,0.0,0.027272727272727282,3.3543145656585693,0.029778003692626953,"[1, 1, 0, 0, 1, 1, 1, 1, 0, 1]","[0, 0, 0, 0, 0, 0, 0, 0, 0, 0]"
Exp_f5_s1024_r2_full,60,5,5,1024,2,full,"['attr_13_3', 'attr_26_2', 'attr_13_2', 'attr_1_1', 'attr_3_0']",0.001,0.5,0.2727272727272727,0.3,0.5,0.0,0.0,0.0,0.027272727272727282,4.314361333847046,0.026866436004638672,"[1, 1, 0, 0, 1, 1, 1, 1, 0, 1]","[0, 0, 0, 0, 0, 0, 0, 0, 0, 0]"
Exp_f5_s4096_r1_linear,61,5,5,4096,1,linear,"['attr_13_3', 'attr_26_2', 'attr_13_2', 'attr_1_1', 'attr_3_0']",0.001,0.5,0.2727272727272727,0.3,0.5,0.0,0.0,0.0,0.027272727272727282,5.389642953872681,0.024731159210205078,"[1, 1, 0, 0, 1, 1, 1, 1, 0, 1]","[0, 0, 0, 0, 0, 0, 0, 0, 0, 0]"
Exp_f5_s4096_r1_circular,62,5,5,4096,1,circular,"['attr_13_3', 'attr_26_2', 'attr_13_2', 'attr_1_1', 'attr_3_0']",1.0,0.5444444444444444,0.7272727272727273,0.6,0.6190476190476191,0.8,0.5714285714285714,0.6666666666666666,0.12727272727272732,5.456440210342407,0.026690006256103516,"[1, 1, 0, 0, 1, 1, 1, 1, 0, 1]","[0, 1, 0, 1, 1, 1, 1, 0, 0, 0]"
Exp_f5_s4096_r1_full,63,5,5,4096,1,full,"['attr_13_3', 'attr_26_2', 'attr_13_2', 'attr_1_1', 'attr_3_0']",100.0,0.5055555555555556,1.0,1.0,1.0,1.0,1.0,1.0,0.0,6.101919174194336,0.029118061065673828,"[1, 1, 0, 0, 1, 1, 1, 1, 0, 1]","[1, 1, 0, 0, 1, 1, 1, 1, 0, 1]"
Exp_f5_s4096_r2_linear,64,5,5,4096,2,linear,"['attr_13_3', 'attr_26_2', 'attr_13_2', 'attr_1_1', 'attr_3_0']",0.01,0.5166666666666667,0.5454545454545454,0.6,0.6190476190476191,0.8,0.5714285714285714,0.6666666666666666,0.054545454545454564,6.023422002792358,0.03113579750061035,"[1, 1, 0, 0, 1, 1, 1, 1, 0, 1]","[0, 1, 0, 1, 0, 1, 1, 1, 0, 0]"
Exp_f5_s4096_r2_circular,65,5,5,4096,2,circular,"['attr_13_3', 'attr_26_2', 'attr_13_2', 'attr_1_1', 'attr_3_0']",0.1,0.5,0.7272727272727273,0.6,0.6190476190476191,0.8,0.5714285714285714,0.6666666666666666,0.12727272727272732,6.234676837921143,0.02714371681213379,"[1, 1, 0, 0, 1, 1, 1, 1, 0, 1]","[0, 1, 0, 1, 1, 1, 1, 0, 0, 0]"
Exp_f5_s4096_r2_full,66,5,5,4096,2,full,"['attr_13_3', 'attr_26_2', 'attr_13_2', 'attr_1_1', 'attr_3_0']",0.001,0.5,0.2727272727272727,0.3,0.5,0.0,0.0,0.0,0.027272727272727282,7.44333815574646,0.028194904327392578,"[1, 1, 0, 0, 1, 1, 1, 1, 0, 1]","[0, 0, 0, 0, 0, 0, 0, 0, 0, 0]"
Exp_f5_s8192_r1_linear,67,5,5,8192,1,linear,"['attr_13_3', 'attr_26_2', 'attr_13_2', 'attr_1_1', 'attr_3_0']",0.001,0.5,0.2727272727272727,0.3,0.5,0.0,0.0,0.0,0.027272727272727282,9.850049495697021,0.029421567916870117,"[1, 1, 0, 0, 1, 1, 1, 1, 0, 1]","[0, 0, 0, 0, 0, 0, 0, 0, 0, 0]"
Exp_f5_s8192_r1_circular,68,5,5,8192,1,circular,"['attr_13_3', 'attr_26_2', 'attr_13_2', 'attr_1_1', 'attr_3_0']",1.0,0.5444444444444444,0.7272727272727273,0.6,0.6190476190476191,0.8,0.5714285714285714,0.6666666666666666,0.12727272727272732,43.9601936340332,0.08332991600036621,"[1, 1, 0, 0, 1, 1, 1, 1, 0, 1]","[0, 1, 0, 1, 1, 1, 1, 0, 0, 0]"
Exp_f5_s8192_r1_full,69,5,5,8192,1,full,"['attr_13_3', 'attr_26_2', 'attr_13_2', 'attr_1_1', 'attr_3_0']",0.001,0.5,0.2727272727272727,0.3,0.5,0.0,0.0,0.0,0.027272727272727282,16.183768272399902,0.029720067977905273,"[1, 1, 0, 0, 1, 1, 1, 1, 0, 1]","[0, 0, 0, 0, 0, 0, 0, 0, 0, 0]"
Exp_f5_s8192_r2_linear,70,5,5,8192,2,linear,"['attr_13_3', 'attr_26_2', 'attr_13_2', 'attr_1_1', 'attr_3_0']",0.01,0.5166666666666667,0.6818181818181818,0.7,0.6904761904761905,0.8333333333333334,0.7142857142857143,0.7692307692307693,0.018181818181818188,10.115574836730957,0.027477741241455078,"[1, 1, 0, 0, 1, 1, 1, 1, 0, 1]","[0, 1, 0, 1, 1, 1, 1, 1, 0, 0]"
Exp_f5_s8192_r2_circular,71,5,5,8192,2,circular,"['attr_13_3', 'attr_26_2', 'attr_13_2', 'attr_1_1', 'attr_3_0']",0.1,0.5,0.7272727272727273,0.6,0.6190476190476191,0.8,0.5714285714285714,0.6666666666666666,0.12727272727272732,25.95357871055603,0.11020064353942871,"[1, 1, 0, 0, 1, 1, 1, 1, 0, 1]","[0, 1, 0, 1, 1, 1, 1, 0, 0, 0]"
Exp_f5_s8192_r2_full,72,5,5,8192,2,full,"['attr_13_3', 'attr_26_2', 'attr_13_2', 'attr_1_1', 'attr_3_0']",0.001,0.5,0.2727272727272727,0.3,0.5,0.0,0.0,0.0,0.027272727272727282,59.040804386138916,0.06010317802429199,"[1, 1, 0, 0, 1, 1, 1, 1, 0, 1]","[0, 0, 0, 0, 0, 0, 0, 0, 0, 0]"
Exp_f6_s1024_r1_linear,73,6,6,1024,1,linear,"['attr_13_3', 'attr_26_2', 'attr_13_2', 'attr_1_1', 'attr_3_0', 'attr_3_1']",100.0,0.5444444444444444,0.9545454545454546,0.5,0.5476190476190476,0.75,0.42857142857142855,0.5454545454545454,0.4545454545454546,14.201045036315918,0.08337616920471191,"[1, 1, 0, 0, 1, 1, 1, 1, 0, 1]","[0, 1, 0, 0, 1, 0, 1, 0, 1, 0]"
Exp_f6_s1024_r1_circular,74,6,6,1024,1,circular,"['attr_13_3', 'attr_26_2', 'attr_13_2', 'attr_1_1', 'attr_3_0', 'attr_3_1']",0.001,0.5166666666666667,0.2727272727272727,0.3,0.5,0.0,0.0,0.0,0.027272727272727282,13.670983076095581,0.08884191513061523,"[1, 1, 0, 0, 1, 1, 1, 1, 0, 1]","[0, 0, 0, 0, 0, 0, 0, 0, 0, 0]"
Exp_f6_s1024_r1_full,75,6,6,1024,1,full,"['attr_13_3', 'attr_26_2', 'attr_13_2', 'attr_1_1', 'attr_3_0', 'attr_3_1']",0.1,0.5,0.7272727272727273,0.5,0.5476190476190476,0.75,0.42857142857142855,0.5454545454545454,0.2272727272727273,17.970432996749878,0.08584117889404297,"[1, 1, 0, 0, 1, 1, 1, 1, 0, 1]","[0, 1, 0, 1, 1, 0, 1, 0, 0, 0]"
Exp_f6_s1024_r2_linear,76,6,6,1024,2,linear,"['attr_13_3', 'attr_26_2', 'attr_13_2', 'attr_1_1', 'attr_3_0', 'attr_3_1']",0.001,0.5499999999999999,0.2727272727272727,0.3,0.5,0.0,0.0,0.0,0.027272727272727282,17.569855213165283,0.09595537185668945,"[1, 1, 0, 0, 1, 1, 1, 1, 0, 1]","[0, 0, 0, 0, 0, 0, 0, 0, 0, 0]"
Exp_f6_s1024_r2_circular,77,6,6,1024,2,circular,"['attr_13_3', 'attr_26_2', 'attr_13_2', 'attr_1_1', 'attr_3_0', 'attr_3_1']",1.0,0.5111111111111111,0.7272727272727273,0.5,0.5476190476190476,0.75,0.42857142857142855,0.5454545454545454,0.2272727272727273,20.158188343048096,0.0994410514831543,"[1, 1, 0, 0, 1, 1, 1, 1, 0, 1]","[0, 1, 0, 1, 1, 0, 1, 0, 0, 0]"
Exp_f6_s1024_r2_full,78,6,6,1024,2,full,"['attr_13_3', 'attr_26_2', 'attr_13_2', 'attr_1_1', 'attr_3_0', 'attr_3_1']",0.001,0.5,0.2727272727272727,0.3,0.5,0.0,0.0,0.0,0.027272727272727282,29.037839889526367,0.07618141174316406,"[1, 1, 0, 0, 1, 1, 1, 1, 0, 1]","[0, 0, 0, 0, 0, 0, 0, 0, 0, 0]"
Exp_f6_s4096_r1_linear,79,6,6,4096,1,linear,"['attr_13_3', 'attr_26_2', 'attr_13_2', 'attr_1_1', 'attr_3_0', 'attr_3_1']",0.001,0.5,0.2727272727272727,0.3,0.5,0.0,0.0,0.0,0.027272727272727282,29.20674753189087,0.10019874572753906,"[1, 1, 0, 0, 1, 1, 1, 1, 0, 1]","[0, 0, 0, 0, 0, 0, 0, 0, 0, 0]"
Exp_f6_s4096_r1_circular,80,6,6,4096,1,circular,"['attr_13_3', 'attr_26_2', 'attr_13_2', 'attr_1_1', 'attr_3_0', 'attr_3_1']",0.001,0.5,0.2727272727272727,0.3,0.5,0.0,0.0,0.0,0.027272727272727282,32.387622594833374,0.10390901565551758,"[1, 1, 0, 0, 1, 1, 1, 1, 0, 1]","[0, 0, 0, 0, 0, 0, 0, 0, 0, 0]"
Exp_f6_s4096_r1_full,81,6,6,4096,1,full,"['attr_13_3', 'attr_26_2', 'attr_13_2', 'attr_1_1', 'attr_3_0', 'attr_3_1']",0.001,0.5,0.2727272727272727,0.3,0.5,0.0,0.0,0.0,0.027272727272727282,40.17585635185242,0.06964731216430664,"[1, 1, 0, 0, 1, 1, 1, 1, 0, 1]","[0, 0, 0, 0, 0, 0, 0, 0, 0, 0]"
Exp_f6_s4096_r2_linear,82,6,6,4096,2,linear,"['attr_13_3', 'attr_26_2', 'attr_13_2', 'attr_1_1', 'attr_3_0', 'attr_3_1']",0.001,0.5,0.2727272727272727,0.3,0.5,0.0,0.0,0.0,0.027272727272727282,30.440276861190796,0.09659194946289062,"[1, 1, 0, 0, 1, 1, 1, 1, 0, 1]","[0, 0, 0, 0, 0, 0, 0, 0, 0, 0]"
Exp_f6_s4096_r2_circular,83,6,6,4096,2,circular,"['attr_13_3', 'attr_26_2', 'attr_13_2', 'attr_1_1', 'attr_3_0', 'attr_3_1']",100.0,0.5499999999999999,0.9545454545454546,0.6,0.6190476190476191,0.8,0.5714285714285714,0.6666666666666666,0.3545454545454546,32.577274560928345,0.07766342163085938,"[1, 1, 0, 0, 1, 1, 1, 1, 0, 1]","[0, 1, 0, 1, 1, 0, 1, 1, 0, 0]"
Exp_f6_s4096_r2_full,84,6,6,4096,2,full,"['attr_13_3', 'attr_26_2', 'attr_13_2', 'attr_1_1', 'attr_3_0', 'attr_3_1']",0.001,0.5,0.2727272727272727,0.3,0.5,0.0,0.0,0.0,0.027272727272727282,45.11730217933655,0.08309221267700195,"[1, 1, 0, 0, 1, 1, 1, 1, 0, 1]","[0, 0, 0, 0, 0, 0, 0, 0, 0, 0]"
Exp_f6_s8192_r1_linear,85,6,6,8192,1,linear,"['attr_13_3', 'attr_26_2', 'attr_13_2', 'attr_1_1', 'attr_3_0', 'attr_3_1']",0.1,0.5,0.5909090909090909,0.6,0.7142857142857143,1.0,0.42857142857142855,0.6,0.009090909090909038,14.335376501083374,0.027634859085083008,"[1, 1, 0, 0, 1, 1, 1, 1, 0, 1]","[0, 1, 0, 0, 0, 1, 1, 0, 0, 0]"
Exp_f6_s8192_r1_circular,86,6,6,8192,1,circular,"['attr_13_3', 'attr_26_2', 'attr_13_2', 'attr_1_1', 'attr_3_0', 'attr_3_1']",100.0,0.538888888888889,0.8636363636363636,0.4,0.38095238095238093,0.6,0.42857142857142855,0.5,0.4636363636363636,10.453576564788818,0.02622389793395996,"[1, 1, 0, 0, 1, 1, 1, 1, 0, 1]","[0, 1, 0, 1, 1, 0, 1, 0, 1, 0]"
Exp_f6_s8192_r1_full,87,6,6,8192,1,full,"['attr_13_3', 'attr_26_2', 'attr_13_2', 'attr_1_1', 'attr_3_0', 'attr_3_1']",0.001,0.5,0.2727272727272727,0.3,0.5,0.0,0.0,0.0,0.027272727272727282,10.88689374923706,0.02883625030517578,"[1, 1, 0, 0, 1, 1, 1, 1, 0, 1]","[0, 0, 0, 0, 0, 0, 0, 0, 0, 0]"
Exp_f6_s8192_r2_linear,88,6,6,8192,2,linear,"['attr_13_3', 'attr_26_2', 'attr_13_2', 'attr_1_1', 'attr_3_0', 'attr_3_1']",0.001,0.5,0.2727272727272727,0.3,0.5,0.0,0.0,0.0,0.027272727272727282,47.184853315353394,0.08107399940490723,"[1, 1, 0, 0, 1, 1, 1, 1, 0, 1]","[0, 0, 0, 0, 0, 0, 0, 0, 0, 0]"
Exp_f6_s8192_r2_circular,89,6,6,8192,2,circular,"['attr_13_3', 'attr_26_2', 'attr_13_2', 'attr_1_1', 'attr_3_0', 'attr_3_1']",1.0,0.5111111111111111,0.7272727272727273,0.5,0.5476190476190476,0.75,0.42857142857142855,0.5454545454545454,0.2272727272727273,61.68303656578064,0.08926987648010254,"[1, 1, 0, 0, 1, 1, 1, 1, 0, 1]","[0, 1, 0, 1, 1, 0, 1, 0, 0, 0]"
Exp_f6_s8192_r2_full,90,6,6,8192,2,full,"['attr_13_3', 'attr_26_2', 'attr_13_2', 'attr_1_1', 'attr_3_0', 'attr_3_1']",100.0,0.5166666666666667,0.8636363636363636,0.7,0.7857142857142857,1.0,0.5714285714285714,0.7272727272727273,0.1636363636363637,58.70119762420654,0.1042630672454834,"[1, 1, 0, 0, 1, 1, 1, 1, 0, 1]","[0, 1, 0, 0, 1, 1, 1, 0, 0, 0]"
Exp_f7_s1024_r1_linear,91,7,7,1024,1,linear,"['attr_13_3', 'attr_26_2', 'attr_13_2', 'attr_1_1', 'attr_3_0', 'attr_3_1', 'attr_2_2']",0.01,0.5666666666666667,0.7272727272727273,0.7,0.5,0.7,1.0,0.8235294117647058,0.027272727272727337,17.45715570449829,0.07904195785522461,"[1, 1, 0, 0, 1, 1, 1, 1, 0, 1]","[1, 1, 1, 1, 1, 1, 1, 1, 1, 1]"
Exp_f7_s1024_r1_circular,92,7,7,1024,1,circular,"['attr_13_3', 'attr_26_2', 'attr_13_2', 'attr_1_1', 'attr_3_0', 'attr_3_1', 'attr_2_2']",0.01,0.5666666666666667,0.6818181818181818,0.7,0.7857142857142857,1.0,0.5714285714285714,0.7272727272727273,0.018181818181818188,17.72663450241089,0.0598142147064209,"[1, 1, 0, 0, 1, 1, 1, 1, 0, 1]","[0, 1, 0, 0, 0, 1, 1, 1, 0, 0]"
Exp_f7_s1024_r1_full,93,7,7,1024,1,full,"['attr_13_3', 'attr_26_2', 'attr_13_2', 'attr_1_1', 'attr_3_0', 'attr_3_1', 'attr_2_2']",0.01,0.6833333333333332,0.7727272727272727,0.6,0.6190476190476191,0.8,0.5714285714285714,0.6666666666666666,0.17272727272727273,23.636351108551025,0.05675005912780762,"[1, 1, 0, 0, 1, 1, 1, 1, 0, 1]","[0, 1, 0, 1, 1, 1, 1, 0, 0, 0]"
Exp_f7_s1024_r2_linear,94,7,7,1024,2,linear,"['attr_13_3', 'attr_26_2', 'attr_13_2', 'attr_1_1', 'attr_3_0', 'attr_3_1', 'attr_2_2']",0.001,0.5666666666666667,0.2727272727272727,0.3,0.5,0.0,0.0,0.0,0.027272727272727282,20.02040195465088,0.07719254493713379,"[1, 1, 0, 0, 1, 1, 1, 1, 0, 1]","[0, 0, 0, 0, 0, 0, 0, 0, 0, 0]"
Exp_f7_s1024_r2_circular,95,7,7,1024,2,circular,"['attr_13_3', 'attr_26_2', 'attr_13_2', 'attr_1_1', 'attr_3_0', 'attr_3_1', 'attr_2_2']",0.001,0.5166666666666667,0.2727272727272727,0.3,0.5,0.0,0.0,0.0,0.027272727272727282,21.28589367866516,0.059103965759277344,"[1, 1, 0, 0, 1, 1, 1, 1, 0, 1]","[0, 0, 0, 0, 0, 0, 0, 0, 0, 0]"
Exp_f7_s1024_r2_full,96,7,7,1024,2,full,"['attr_13_3', 'attr_26_2', 'attr_13_2', 'attr_1_1', 'attr_3_0', 'attr_3_1', 'attr_2_2']",100.0,0.5055555555555555,0.9090909090909091,0.6,0.6190476190476191,0.8,0.5714285714285714,0.6666666666666666,0.3090909090909091,32.98921489715576,0.08737826347351074,"[1, 1, 0, 0, 1, 1, 1, 1, 0, 1]","[0, 1, 0, 0, 1, 0, 1, 1, 1, 0]"
Exp_f7_s4096_r1_linear,97,7,7,4096,1,linear,"['attr_13_3', 'attr_26_2', 'attr_13_2', 'attr_1_1', 'attr_3_0', 'attr_3_1', 'attr_2_2']",0.01,0.6,0.7272727272727273,0.7,0.7857142857142857,1.0,0.5714285714285714,0.7272727272727273,0.027272727272727337,25.1793532371521,0.05541491508483887,"[1, 1, 0, 0, 1, 1, 1, 1, 0, 1]","[0, 1, 0, 0, 0, 1, 1, 1, 0, 0]"
Exp_f7_s4096_r1_circular,98,7,7,4096,1,circular,"['attr_13_3', 'attr_26_2', 'attr_13_2', 'attr_1_1', 'attr_3_0', 'attr_3_1', 'attr_2_2']",100.0,0.5944444444444444,1.0,0.6,0.6190476190476191,0.8,0.5714285714285714,0.6666666666666666,0.4,26.81243348121643,0.09213733673095703,"[1, 1, 0, 0, 1, 1, 1, 1, 0, 1]","[0, 1, 0, 1, 1, 0, 1, 1, 0, 0]"
Exp_f7_s4096_r1_full,99,7,7,4096,1,full,"['attr_13_3', 'attr_26_2', 'attr_13_2', 'attr_1_1', 'attr_3_0', 'attr_3_1', 'attr_2_2']",0.001,0.65,0.2727272727272727,0.3,0.5,0.0,0.0,0.0,0.027272727272727282,33.91796827316284,0.07450699806213379,"[1, 1, 0, 0, 1, 1, 1, 1, 0, 1]","[0, 0, 0, 0, 0, 0, 0, 0, 0, 0]"
Exp_f7_s4096_r2_linear,100,7,7,4096,2,linear,"['attr_13_3', 'attr_26_2', 'attr_13_2', 'attr_1_1', 'attr_3_0', 'attr_3_1', 'attr_2_2']",0.001,0.5666666666666667,0.2727272727272727,0.3,0.5,0.0,0.0,0.0,0.027272727272727282,8.688183069229126,0.027621746063232422,"[1, 1, 0, 0, 1, 1, 1, 1, 0, 1]","[0, 0, 0, 0, 0, 0, 0, 0, 0, 0]"
Exp_f7_s4096_r2_circular,101,7,7,4096,2,circular,"['attr_13_3', 'attr_26_2', 'attr_13_2', 'attr_1_1', 'attr_3_0', 'attr_3_1', 'attr_2_2']",0.01,0.5166666666666667,0.6818181818181818,0.7,0.7857142857142857,1.0,0.5714285714285714,0.7272727272727273,0.018181818181818188,7.506544351577759,0.02771782875061035,"[1, 1, 0, 0, 1, 1, 1, 1, 0, 1]","[0, 1, 0, 0, 0, 1, 1, 1, 0, 0]"
Exp_f7_s4096_r2_full,102,7,7,4096,2,full,"['attr_13_3', 'attr_26_2', 'attr_13_2', 'attr_1_1', 'attr_3_0', 'attr_3_1', 'attr_2_2']",0.001,0.5,0.2727272727272727,0.3,0.5,0.0,0.0,0.0,0.027272727272727282,15.709834575653076,0.10206127166748047,"[1, 1, 0, 0, 1, 1, 1, 1, 0, 1]","[0, 0, 0, 0, 0, 0, 0, 0, 0, 0]"
Exp_f7_s8192_r1_linear,103,7,7,8192,1,linear,"['attr_13_3', 'attr_26_2', 'attr_13_2', 'attr_1_1', 'attr_3_0', 'attr_3_1', 'attr_2_2']",0.01,0.5499999999999999,0.7272727272727273,0.7,0.7857142857142857,1.0,0.5714285714285714,0.7272727272727273,0.027272727272727337,54.163026571273804,0.08612251281738281,"[1, 1, 0, 0, 1, 1, 1, 1, 0, 1]","[0, 1, 0, 0, 0, 1, 1, 1, 0, 0]"
Exp_f7_s8192_r1_circular,104,7,7,8192,1,circular,"['attr_13_3', 'attr_26_2', 'attr_13_2', 'attr_1_1', 'attr_3_0', 'attr_3_1', 'attr_2_2']",0.01,0.5666666666666667,0.2727272727272727,0.3,0.5,0.0,0.0,0.0,0.027272727272727282,50.63832688331604,0.06782102584838867,"[1, 1, 0, 0, 1, 1, 1, 1, 0, 1]","[0, 0, 0, 0, 0, 0, 0, 0, 0, 0]"
Exp_f7_s8192_r1_full,105,7,7,8192,1,full,"['attr_13_3', 'attr_26_2', 'attr_13_2', 'attr_1_1', 'attr_3_0', 'attr_3_1', 'attr_2_2']",0.001,0.6833333333333332,0.2727272727272727,0.3,0.5,0.0,0.0,0.0,0.027272727272727282,58.69413709640503,0.0742952823638916,"[1, 1, 0, 0, 1, 1, 1, 1, 0, 1]","[0, 0, 0, 0, 0, 0, 0, 0, 0, 0]"
Exp_f7_s8192_r2_linear,106,7,7,8192,2,linear,"['attr_13_3', 'attr_26_2', 'attr_13_2', 'attr_1_1', 'attr_3_0', 'attr_3_1', 'attr_2_2']",0.01,0.5666666666666667,0.7272727272727273,0.7,0.7857142857142857,1.0,0.5714285714285714,0.7272727272727273,0.027272727272727337,40.77137327194214,0.04521679878234863,"[1, 1, 0, 0, 1, 1, 1, 1, 0, 1]","[0, 1, 0, 0, 0, 1, 1, 1, 0, 0]"
Exp_f7_s8192_r2_circular,107,7,7,8192,2,circular,"['attr_13_3', 'attr_26_2', 'attr_13_2', 'attr_1_1', 'attr_3_0', 'attr_3_1', 'attr_2_2']",100.0,0.6166666666666666,0.9545454545454546,0.7,0.5952380952380952,0.75,0.8571428571428571,0.8,0.25454545454545463,17.29742121696472,0.030074357986450195,"[1, 1, 0, 0, 1, 1, 1, 1, 0, 1]","[0, 1, 0, 1, 1, 1, 1, 1, 1, 1]"
Exp_f7_s8192_r2_full,108,7,7,8192,2,full,"['attr_13_3', 'attr_26_2', 'attr_13_2', 'attr_1_1', 'attr_3_0', 'attr_3_1', 'attr_2_2']",0.001,0.5,0.2727272727272727,0.3,0.5,0.0,0.0,0.0,0.027272727272727282,20.293875694274902,0.027332782745361328,"[1, 1, 0, 0, 1, 1, 1, 1, 0, 1]","[0, 0, 0, 0, 0, 0, 0, 0, 0, 0]"
Exp_f8_s1024_r1_linear,109,8,8,1024,1,linear,"['attr_13_3', 'attr_26_2', 'attr_13_2', 'attr_1_1', 'attr_3_0', 'attr_3_1', 'attr_2_2', 'attr_2_3']",0.01,0.5333333333333333,0.7727272727272727,0.7,0.7857142857142857,1.0,0.5714285714285714,0.7272727272727273,0.07272727272727275,3.807607650756836,0.030563831329345703,"[1, 1, 0, 0, 1, 1, 1, 1, 0, 1]","[0, 1, 0, 0, 0, 1, 1, 1, 0, 0]"
Exp_f8_s1024_r1_circular,110,8,8,1024,1,circular,"['attr_13_3', 'attr_26_2', 'attr_13_2', 'attr_1_1', 'attr_3_0', 'attr_3_1', 'attr_2_2', 'attr_2_3']",100.0,0.6611111111111111,1.0,0.4,0.38095238095238093,0.6,0.42857142857142855,0.5,0.6,3.9978976249694824,0.026365995407104492,"[1, 1, 0, 0, 1, 1, 1, 1, 0, 1]","[0, 1, 1, 1, 0, 0, 1, 1, 0, 0]"
Exp_f8_s1024_r1_full,111,8,8,1024,1,full,"['attr_13_3', 'attr_26_2', 'attr_13_2', 'attr_1_1', 'attr_3_0', 'attr_3_1', 'attr_2_2', 'attr_2_3']",0.01,0.6166666666666666,0.2727272727272727,0.3,0.5,0.0,0.0,0.0,0.027272727272727282,5.809640645980835,0.030409574508666992,"[1, 1, 0, 0, 1, 1, 1, 1, 0, 1]","[0, 0, 0, 0, 0, 0, 0, 0, 0, 0]"
Exp_f8_s1024_r2_linear,112,8,8,1024,2,linear,"['attr_13_3', 'attr_26_2', 'attr_13_2', 'attr_1_1', 'attr_3_0', 'attr_3_1', 'attr_2_2', 'attr_2_3']",0.001,0.5166666666666667,0.2727272727272727,0.3,0.5,0.0,0.0,0.0,0.027272727272727282,4.579878091812134,0.02759718894958496,"[1, 1, 0, 0, 1, 1, 1, 1, 0, 1]","[0, 0, 0, 0, 0, 0, 0, 0, 0, 0]"
Exp_f8_s1024_r2_circular,113,8,8,1024,2,circular,"['attr_13_3', 'attr_26_2', 'attr_13_2', 'attr_1_1', 'attr_3_0', 'attr_3_1', 'attr_2_2', 'attr_2_3']",0.01,0.5666666666666667,0.5454545454545454,0.8,0.8571428571428572,1.0,0.7142857142857143,0.8333333333333334,0.25454545454545463,5.083006381988525,0.028662443161010742,"[1, 1, 0, 0, 1, 1, 1, 1, 0, 1]","[0, 1, 0, 0, 0, 1, 1, 1, 0, 1]"
Exp_f8_s1024_r2_full,114,8,8,1024,2,full,"['attr_13_3', 'attr_26_2', 'attr_13_2', 'attr_1_1', 'attr_3_0', 'attr_3_1', 'attr_2_2', 'attr_2_3']",0.001,0.5,0.2727272727272727,0.3,0.5,0.0,0.0,0.0,0.027272727272727282,8.369332075119019,0.027058124542236328,"[1, 1, 0, 0, 1, 1, 1, 1, 0, 1]","[0, 0, 0, 0, 0, 0, 0, 0, 0, 0]"
Exp_f8_s4096_r1_linear,115,8,8,4096,1,linear,"['attr_13_3', 'attr_26_2', 'attr_13_2', 'attr_1_1', 'attr_3_0', 'attr_3_1', 'attr_2_2', 'attr_2_3']",0.01,0.5666666666666667,0.6818181818181818,0.7,0.7857142857142857,1.0,0.5714285714285714,0.7272727272727273,0.018181818181818188,7.3426194190979,0.030268192291259766,"[1, 1, 0, 0, 1, 1, 1, 1, 0, 1]","[0, 1, 0, 0, 0, 1, 1, 1, 0, 0]"
Exp_f8_s4096_r1_circular,116,8,8,4096,1,circular,"['attr_13_3', 'attr_26_2', 'attr_13_2', 'attr_1_1', 'attr_3_0', 'attr_3_1', 'attr_2_2', 'attr_2_3']",0.01,0.5666666666666667,0.5909090909090909,0.7,0.7857142857142857,1.0,0.5714285714285714,0.7272727272727273,0.10909090909090902,7.079869508743286,0.025748252868652344,"[1, 1, 0, 0, 1, 1, 1, 1, 0, 1]","[0, 1, 0, 0, 0, 1, 1, 0, 0, 1]"
Exp_f8_s4096_r1_full,117,8,8,4096,1,full,"['attr_13_3', 'attr_26_2', 'attr_13_2', 'attr_1_1', 'attr_3_0', 'attr_3_1', 'attr_2_2', 'attr_2_3']",1.0,0.65,0.9090909090909091,0.8,0.6666666666666666,0.7777777777777778,1.0,0.875,0.10909090909090902,9.251424551010132,0.025861501693725586,"[1, 1, 0, 0, 1, 1, 1, 1, 0, 1]","[1, 1, 0, 1, 1, 1, 1, 1, 1, 1]"
Exp_f8_s4096_r2_linear,118,8,8,4096,2,linear,"['attr_13_3', 'attr_26_2', 'attr_13_2', 'attr_1_1', 'attr_3_0', 'attr_3_1', 'attr_2_2', 'attr_2_3']",0.001,0.5499999999999999,0.2727272727272727,0.3,0.5,0.0,0.0,0.0,0.027272727272727282,8.229132890701294,0.025389432907104492,"[1, 1, 0, 0, 1, 1, 1, 1, 0, 1]","[0, 0, 0, 0, 0, 0, 0, 0, 0, 0]"
Exp_f8_s4096_r2_circular,119,8,8,4096,2,circular,"['attr_13_3', 'attr_26_2', 'attr_13_2', 'attr_1_1', 'attr_3_0', 'attr_3_1', 'attr_2_2', 'attr_2_3']",0.001,0.5499999999999999,0.2727272727272727,0.3,0.5,0.0,0.0,0.0,0.027272727272727282,9.32587456703186,0.02620553970336914,"[1, 1, 0, 0, 1, 1, 1, 1, 0, 1]","[0, 0, 0, 0, 0, 0, 0, 0, 0, 0]"
Exp_f8_s4096_r2_full,120,8,8,4096,2,full,"['attr_13_3', 'attr_26_2', 'attr_13_2', 'attr_1_1', 'attr_3_0', 'attr_3_1', 'attr_2_2', 'attr_2_3']",0.001,0.5,0.2727272727272727,0.3,0.5,0.0,0.0,0.0,0.027272727272727282,11.957287788391113,0.02620077133178711,"[1, 1, 0, 0, 1, 1, 1, 1, 0, 1]","[0, 0, 0, 0, 0, 0, 0, 0, 0, 0]"
Exp_f8_s8192_r1_linear,121,8,8,8192,1,linear,"['attr_13_3', 'attr_26_2', 'attr_13_2', 'attr_1_1', 'attr_3_0', 'attr_3_1', 'attr_2_2', 'attr_2_3']",1.0,0.5388888888888889,0.7727272727272727,0.7,0.7857142857142857,1.0,0.5714285714285714,0.7272727272727273,0.07272727272727275,12.070825815200806,0.0291900634765625,"[1, 1, 0, 0, 1, 1, 1, 1, 0, 1]","[0, 1, 0, 0, 0, 1, 1, 1, 0, 0]"
Exp_f8_s8192_r1_circular,122,8,8,8192,1,circular,"['attr_13_3', 'attr_26_2', 'attr_13_2', 'attr_1_1', 'attr_3_0', 'attr_3_1', 'attr_2_2', 'attr_2_3']",0.01,0.5499999999999999,0.2727272727272727,0.3,0.5,0.0,0.0,0.0,0.027272727272727282,14.376052141189575,0.029254674911499023,"[1, 1, 0, 0, 1, 1, 1, 1, 0, 1]","[0, 0, 0, 0, 0, 0, 0, 0, 0, 0]"
Exp_f8_s8192_r1_full,123,8,8,8192,1,full,"['attr_13_3', 'attr_26_2', 'attr_13_2', 'attr_1_1', 'attr_3_0', 'attr_3_1', 'attr_2_2', 'attr_2_3']",1.0,0.6833333333333332,0.9090909090909091,0.8,0.6666666666666666,0.7777777777777778,1.0,0.875,0.10909090909090902,15.403184652328491,0.025923967361450195,"[1, 1, 0, 0, 1, 1, 1, 1, 0, 1]","[1, 1, 0, 1, 1, 1, 1, 1, 1, 1]"
Exp_f8_s8192_r2_linear,124,8,8,8192,2,linear,"['attr_13_3', 'attr_26_2', 'attr_13_2', 'attr_1_1', 'attr_3_0', 'attr_3_1', 'attr_2_2', 'attr_2_3']",0.001,0.5499999999999999,0.2727272727272727,0.3,0.5,0.0,0.0,0.0,0.027272727272727282,12.937540054321289,0.026674747467041016,"[1, 1, 0, 0, 1, 1, 1, 1, 0, 1]","[0, 0, 0, 0, 0, 0, 0, 0, 0, 0]"
Exp_f8_s8192_r2_circular,125,8,8,8192,2,circular,"['attr_13_3', 'attr_26_2', 'attr_13_2', 'attr_1_1', 'attr_3_0', 'attr_3_1', 'attr_2_2', 'attr_2_3']",0.001,0.5499999999999999,0.2727272727272727,0.3,0.5,0.0,0.0,0.0,0.027272727272727282,13.390281677246094,0.04384350776672363,"[1, 1, 0, 0, 1, 1, 1, 1, 0, 1]","[0, 0, 0, 0, 0, 0, 0, 0, 0, 0]"
Exp_f8_s8192_r2_full,126,8,8,8192,2,full,"['attr_13_3', 'attr_26_2', 'attr_13_2', 'attr_1_1', 'attr_3_0', 'attr_3_1', 'attr_2_2', 'attr_2_3']",0.001,0.5166666666666667,0.2727272727272727,0.3,0.5,0.0,0.0,0.0,0.027272727272727282,18.2341206073761,0.025984764099121094,"[1, 1, 0, 0, 1, 1, 1, 1, 0, 1]","[0, 0, 0, 0, 0, 0, 0, 0, 0, 0]"
Exp_f9_s1024_r1_linear,127,9,9,1024,1,linear,"['attr_13_3', 'attr_26_2', 'attr_13_2', 'attr_1_1', 'attr_3_0', 'attr_3_1', 'attr_2_2', 'attr_2_3', 'attr_1_0']",0.01,0.6,0.7272727272727273,0.7,0.7857142857142857,1.0,0.5714285714285714,0.7272727272727273,0.027272727272727337,5.440210580825806,0.029363393783569336,"[1, 1, 0, 0, 1, 1, 1, 1, 0, 1]","[0, 1, 0, 0, 0, 1, 1, 1, 0, 0]"
Exp_f9_s1024_r1_circular,128,9,9,1024,1,circular,"['attr_13_3', 'attr_26_2', 'attr_13_2', 'attr_1_1', 'attr_3_0', 'attr_3_1', 'attr_2_2', 'attr_2_3', 'attr_1_0']",100.0,0.6555555555555556,0.9545454545454546,0.6,0.5238095238095238,0.7142857142857143,0.7142857142857143,0.7142857142857143,0.3545454545454546,5.370713472366333,0.02644181251525879,"[1, 1, 0, 0, 1, 1, 1, 1, 0, 1]","[0, 1, 0, 1, 1, 0, 1, 1, 1, 1]"
Exp_f9_s1024_r1_full,129,9,9,1024,1,full,"['attr_13_3', 'attr_26_2', 'attr_13_2', 'attr_1_1', 'attr_3_0', 'attr_3_1', 'attr_2_2', 'attr_2_3', 'attr_1_0']",1.0,0.65,0.9090909090909091,0.8,0.6666666666666666,0.7777777777777778,1.0,0.875,0.10909090909090902,8.695837020874023,0.027551651000976562,"[1, 1, 0, 0, 1, 1, 1, 1, 0, 1]","[1, 1, 0, 1, 1, 1, 1, 1, 1, 1]"
Exp_f9_s1024_r2_linear,130,9,9,1024,2,linear,"['attr_13_3', 'attr_26_2', 'attr_13_2', 'attr_1_1', 'attr_3_0', 'attr_3_1', 'attr_2_2', 'attr_2_3', 'attr_1_0']",1.0,0.5388888888888889,0.7272727272727273,0.6,0.6190476190476191,0.8,0.5714285714285714,0.6666666666666666,0.12727272727272732,5.953892469406128,0.02539515495300293,"[1, 1, 0, 0, 1, 1, 1, 1, 0, 1]","[0, 1, 0, 0, 0, 1, 1, 1, 1, 0]"
Exp_f9_s1024_r2_circular,131,9,9,1024,2,circular,"['attr_13_3', 'attr_26_2', 'attr_13_2', 'attr_1_1', 'attr_3_0', 'attr_3_1', 'attr_2_2', 'attr_2_3', 'attr_1_0']",0.001,0.5,0.2727272727272727,0.3,0.5,0.0,0.0,0.0,0.027272727272727282,5.7846949100494385,0.02962207794189453,"[1, 1, 0, 0, 1, 1, 1, 1, 0, 1]","[0, 0, 0, 0, 0, 0, 0, 0, 0, 0]"
Exp_f9_s1024_r2_full,132,9,9,1024,2,full,"['attr_13_3', 'attr_26_2', 'attr_13_2', 'attr_1_1', 'attr_3_0', 'attr_3_1', 'attr_2_2', 'attr_2_3', 'attr_1_0']",0.01,0.5,0.7272727272727273,0.7,0.5,0.7,1.0,0.8235294117647058,0.027272727272727337,11.537264108657837,0.0310513973236084,"[1, 1, 0, 0, 1, 1, 1, 1, 0, 1]","[1, 1, 1, 1, 1, 1, 1, 1, 1, 1]"
Exp_f9_s4096_r1_linear,133,9,9,4096,1,linear,"['attr_13_3', 'attr_26_2', 'attr_13_2', 'attr_1_1', 'attr_3_0', 'attr_3_1', 'attr_2_2', 'attr_2_3', 'attr_1_0']",0.001,0.5666666666666667,0.2727272727272727,0.3,0.5,0.0,0.0,0.0,0.027272727272727282,8.374034881591797,0.02754831314086914,"[1, 1, 0, 0, 1, 1, 1, 1, 0, 1]","[0, 0, 0, 0, 0, 0, 0, 0, 0, 0]"
Exp_f9_s4096_r1_circular,134,9,9,4096,1,circular,"['attr_13_3', 'attr_26_2', 'attr_13_2', 'attr_1_1', 'attr_3_0', 'attr_3_1', 'attr_2_2', 'attr_2_3', 'attr_1_0']",0.01,0.5499999999999999,0.6818181818181818,0.7,0.7857142857142857,1.0,0.5714285714285714,0.7272727272727273,0.018181818181818188,8.274011850357056,0.030397415161132812,"[1, 1, 0, 0, 1, 1, 1, 1, 0, 1]","[0, 1, 0, 0, 0, 1, 1, 1, 0, 0]"
Exp_f9_s4096_r1_full,135,9,9,4096,1,full,"['attr_13_3', 'attr_26_2', 'attr_13_2', 'attr_1_1', 'attr_3_0', 'attr_3_1', 'attr_2_2', 'attr_2_3', 'attr_1_0']",1.0,0.6166666666666666,0.9090909090909091,0.8,0.6666666666666666,0.7777777777777778,1.0,0.875,0.10909090909090902,42.371068477630615,0.09946918487548828,"[1, 1, 0, 0, 1, 1, 1, 1, 0, 1]","[1, 1, 0, 1, 1, 1, 1, 1, 1, 1]"
Exp_f9_s4096_r2_linear,136,9,9,4096,2,linear,"['attr_13_3', 'attr_26_2', 'attr_13_2', 'attr_1_1', 'attr_3_0', 'attr_3_1', 'attr_2_2', 'attr_2_3', 'attr_1_0']",0.001,0.5666666666666667,0.2727272727272727,0.3,0.5,0.0,0.0,0.0,0.027272727272727282,46.301021575927734,0.08289217948913574,"[1, 1, 0, 0, 1, 1, 1, 1, 0, 1]","[0, 0, 0, 0, 0, 0, 0, 0, 0, 0]"
Exp_f9_s4096_r2_circular,137,9,9,4096,2,circular,"['attr_13_3', 'attr_26_2', 'attr_13_2', 'attr_1_1', 'attr_3_0', 'attr_3_1', 'attr_2_2', 'attr_2_3', 'attr_1_0']",100.0,0.5888888888888889,1.0,0.6,0.6190476190476191,0.8,0.5714285714285714,0.6666666666666666,0.4,48.369389057159424,0.05170464515686035,"[1, 1, 0, 0, 1, 1, 1, 1, 0, 1]","[0, 1, 1, 0, 0, 1, 1, 1, 0, 0]"
Exp_f9_s4096_r2_full,138,9,9,4096,2,full,"['attr_13_3', 'attr_26_2', 'attr_13_2', 'attr_1_1', 'attr_3_0', 'attr_3_1', 'attr_2_2', 'attr_2_3', 'attr_1_0']",0.001,0.5166666666666667,0.2727272727272727,0.3,0.5,0.0,0.0,0.0,0.027272727272727282,71.98334550857544,0.059108734130859375,"[1, 1, 0, 0, 1, 1, 1, 1, 0, 1]","[0, 0, 0, 0, 0, 0, 0, 0, 0, 0]"
Exp_f9_s8192_r1_linear,139,9,9,8192,1,linear,"['attr_13_3', 'attr_26_2', 'attr_13_2', 'attr_1_1', 'attr_3_0', 'attr_3_1', 'attr_2_2', 'attr_2_3', 'attr_1_0']",0.01,0.5666666666666667,0.7272727272727273,0.7,0.5,0.7,1.0,0.8235294117647058,0.027272727272727337,57.17908811569214,0.05234241485595703,"[1, 1, 0, 0, 1, 1, 1, 1, 0, 1]","[1, 1, 1, 1, 1, 1, 1, 1, 1, 1]"
Exp_f9_s8192_r1_circular,140,9,9,8192,1,circular,"['attr_13_3', 'attr_26_2', 'attr_13_2', 'attr_1_1', 'attr_3_0', 'attr_3_1', 'attr_2_2', 'attr_2_3', 'attr_1_0']",0.01,0.5666666666666667,0.6818181818181818,0.7,0.7857142857142857,1.0,0.5714285714285714,0.7272727272727273,0.018181818181818188,57.87300109863281,0.09281134605407715,"[1, 1, 0, 0, 1, 1, 1, 1, 0, 1]","[0, 1, 0, 0, 0, 1, 1, 1, 0, 0]"
Exp_f9_s8192_r1_full,141,9,9,8192,1,full,"['attr_13_3', 'attr_26_2', 'attr_13_2', 'attr_1_1', 'attr_3_0', 'attr_3_1', 'attr_2_2', 'attr_2_3', 'attr_1_0']",1.0,0.65,0.9090909090909091,0.8,0.6666666666666666,0.7777777777777778,1.0,0.875,0.10909090909090902,63.87123227119446,0.06180310249328613,"[1, 1, 0, 0, 1, 1, 1, 1, 0, 1]","[1, 1, 0, 1, 1, 1, 1, 1, 1, 1]"
Exp_f9_s8192_r2_linear,142,9,9,8192,2,linear,"['attr_13_3', 'attr_26_2', 'attr_13_2', 'attr_1_1', 'attr_3_0', 'attr_3_1', 'attr_2_2', 'attr_2_3', 'attr_1_0']",0.001,0.5499999999999999,0.2727272727272727,0.3,0.5,0.0,0.0,0.0,0.027272727272727282,69.67988061904907,0.07997298240661621,"[1, 1, 0, 0, 1, 1, 1, 1, 0, 1]","[0, 0, 0, 0, 0, 0, 0, 0, 0, 0]"
Exp_f9_s8192_r2_circular,143,9,9,8192,2,circular,"['attr_13_3', 'attr_26_2', 'attr_13_2', 'attr_1_1', 'attr_3_0', 'attr_3_1', 'attr_2_2', 'attr_2_3', 'attr_1_0']",0.001,0.5499999999999999,0.2727272727272727,0.3,0.5,0.0,0.0,0.0,0.027272727272727282,71.2534487247467,0.07568812370300293,"[1, 1, 0, 0, 1, 1, 1, 1, 0, 1]","[0, 0, 0, 0, 0, 0, 0, 0, 0, 0]"
Exp_f9_s8192_r2_full,144,9,9,8192,2,full,"['attr_13_3', 'attr_26_2', 'attr_13_2', 'attr_1_1', 'attr_3_0', 'attr_3_1', 'attr_2_2', 'attr_2_3', 'attr_1_0']",0.001,0.5,0.2727272727272727,0.3,0.5,0.0,0.0,0.0,0.027272727272727282,86.816330909729,0.06898880004882812,"[1, 1, 0, 0, 1, 1, 1, 1, 0, 1]","[0, 0, 0, 0, 0, 0, 0, 0, 0, 0]"
Exp_f10_s1024_r1_linear,145,10,10,1024,1,linear,"['attr_13_3', 'attr_26_2', 'attr_13_2', 'attr_1_1', 'attr_3_0', 'attr_3_1', 'attr_2_2', 'attr_2_3', 'attr_1_0', 'attr_4_2.0']",0.001,0.5833333333333334,0.2727272727272727,0.3,0.5,0.0,0.0,0.0,0.027272727272727282,21.286117792129517,0.0851435661315918,"[1, 1, 0, 0, 1, 1, 1, 1, 0, 1]","[0, 0, 0, 0, 0, 0, 0, 0, 0, 0]"
Exp_f10_s1024_r1_circular,146,10,10,1024,1,circular,"['attr_13_3', 'attr_26_2', 'attr_13_2', 'attr_1_1', 'attr_3_0', 'attr_3_1', 'attr_2_2', 'attr_2_3', 'attr_1_0', 'attr_4_2.0']",0.01,0.5166666666666667,0.7272727272727273,0.7,0.7857142857142857,1.0,0.5714285714285714,0.7272727272727273,0.027272727272727337,22.18679976463318,0.07295608520507812,"[1, 1, 0, 0, 1, 1, 1, 1, 0, 1]","[0, 1, 0, 0, 0, 1, 1, 1, 0, 0]"
Exp_f10_s1024_r1_full,147,10,10,1024,1,full,"['attr_13_3', 'attr_26_2', 'attr_13_2', 'attr_1_1', 'attr_3_0', 'attr_3_1', 'attr_2_2', 'attr_2_3', 'attr_1_0', 'attr_4_2.0']",0.01,0.6833333333333332,0.9090909090909091,0.7,0.5952380952380952,0.75,0.8571428571428571,0.8,0.2090909090909091,41.80073833465576,0.06929588317871094,"[1, 1, 0, 0, 1, 1, 1, 1, 0, 1]","[1, 1, 0, 1, 0, 1, 1, 1, 1, 1]"
Exp_f10_s1024_r2_linear,148,10,10,1024,2,linear,"['attr_13_3', 'attr_26_2', 'attr_13_2', 'attr_1_1', 'attr_3_0', 'attr_3_1', 'attr_2_2', 'attr_2_3', 'attr_1_0', 'attr_4_2.0']",100.0,0.5722222222222223,1.0,0.8,0.7619047619047619,0.8571428571428571,0.8571428571428571,0.8571428571428571,0.19999999999999996,28.877217531204224,0.08148598670959473,"[1, 1, 0, 0, 1, 1, 1, 1, 0, 1]","[1, 1, 0, 1, 1, 0, 1, 1, 0, 1]"
Exp_f10_s1024_r2_circular,149,10,10,1024,2,circular,"['attr_13_3', 'attr_26_2', 'attr_13_2', 'attr_1_1', 'attr_3_0', 'attr_3_1', 'attr_2_2', 'attr_2_3', 'attr_1_0', 'attr_4_2.0']",100.0,0.5444444444444444,1.0,0.3,0.21428571428571427,0.5,0.42857142857142855,0.46153846153846156,0.7,31.62736678123474,0.07270503044128418,"[1, 1, 0, 0, 1, 1, 1, 1, 0, 1]","[0, 1, 1, 1, 1, 0, 1, 0, 1, 0]"
Exp_f10_s1024_r2_full,150,10,10,1024,2,full,"['attr_13_3', 'attr_26_2', 'attr_13_2', 'attr_1_1', 'attr_3_0', 'attr_3_1', 'attr_2_2', 'attr_2_3', 'attr_1_0', 'attr_4_2.0']",0.01,0.6166666666666667,0.9090909090909091,0.6,0.42857142857142855,0.6666666666666666,0.8571428571428571,0.75,0.3090909090909091,68.93463826179504,0.07286810874938965,"[1, 1, 0, 0, 1, 1, 1, 1, 0, 1]","[0, 1, 1, 1, 1, 1, 1, 1, 1, 1]"
Exp_f10_s4096_r1_linear,151,10,10,4096,1,linear,"['attr_13_3', 'attr_26_2', 'attr_13_2', 'attr_1_1', 'attr_3_0', 'attr_3_1', 'attr_2_2', 'attr_2_3', 'attr_1_0', 'attr_4_2.0']",0.01,0.5499999999999999,0.6818181818181818,0.7,0.7857142857142857,1.0,0.5714285714285714,0.7272727272727273,0.018181818181818188,38.01374292373657,0.08163285255432129,"[1, 1, 0, 0, 1, 1, 1, 1, 0, 1]","[0, 1, 0, 0, 0, 1, 1, 1, 0, 0]"
Exp_f10_s4096_r1_circular,152,10,10,4096,1,circular,"['attr_13_3', 'attr_26_2', 'attr_13_2', 'attr_1_1', 'attr_3_0', 'attr_3_1', 'attr_2_2', 'attr_2_3', 'attr_1_0', 'attr_4_2.0']",0.01,0.5166666666666667,0.7272727272727273,0.7,0.7857142857142857,1.0,0.5714285714285714,0.7272727272727273,0.027272727272727337,47.00893449783325,0.07501530647277832,"[1, 1, 0, 0, 1, 1, 1, 1, 0, 1]","[0, 1, 0, 0, 0, 1, 1, 1, 0, 0]"
Exp_f10_s4096_r1_full,153,10,10,4096,1,full,"['attr_13_3', 'attr_26_2', 'attr_13_2', 'attr_1_1', 'attr_3_0', 'attr_3_1', 'attr_2_2', 'attr_2_3', 'attr_1_0', 'attr_4_2.0']",0.001,0.6833333333333332,0.2727272727272727,0.3,0.5,0.0,0.0,0.0,0.027272727272727282,57.8101544380188,0.09509897232055664,"[1, 1, 0, 0, 1, 1, 1, 1, 0, 1]","[0, 0, 0, 0, 0, 0, 0, 0, 0, 0]"
Exp_f10_s4096_r2_linear,154,10,10,4096,2,linear,"['attr_13_3', 'attr_26_2', 'attr_13_2', 'attr_1_1', 'attr_3_0', 'attr_3_1', 'attr_2_2', 'attr_2_3', 'attr_1_0', 'attr_4_2.0']",0.01,0.5666666666666667,0.7727272727272727,0.7,0.7857142857142857,1.0,0.5714285714285714,0.7272727272727273,0.07272727272727275,47.43678140640259,0.08690190315246582,"[1, 1, 0, 0, 1, 1, 1, 1, 0, 1]","[0, 1, 0, 0, 0, 1, 1, 1, 0, 0]"
Exp_f10_s4096_r2_circular,155,10,10,4096,2,circular,"['attr_13_3', 'attr_26_2', 'attr_13_2', 'attr_1_1', 'attr_3_0', 'attr_3_1', 'attr_2_2', 'attr_2_3', 'attr_1_0', 'attr_4_2.0']",1.0,0.5166666666666667,0.8181818181818182,0.8,0.8571428571428572,1.0,0.7142857142857143,0.8333333333333334,0.018181818181818188,49.55198001861572,0.05435490608215332,"[1, 1, 0, 0, 1, 1, 1, 1, 0, 1]","[0, 1, 0, 0, 0, 1, 1, 1, 0, 1]"
Exp_f10_s4096_r2_full,156,10,10,4096,2,full,"['attr_13_3', 'attr_26_2', 'attr_13_2', 'attr_1_1', 'attr_3_0', 'attr_3_1', 'attr_2_2', 'attr_2_3', 'attr_1_0', 'attr_4_2.0']",0.01,0.5166666666666667,0.9090909090909091,0.6,0.42857142857142855,0.6666666666666666,0.8571428571428571,0.75,0.3090909090909091,83.39072322845459,0.06490874290466309,"[1, 1, 0, 0, 1, 1, 1, 1, 0, 1]","[0, 1, 1, 1, 1, 1, 1, 1, 1, 1]"
Exp_f10_s8192_r1_linear,157,10,10,8192,1,linear,"['attr_13_3', 'attr_26_2', 'attr_13_2', 'attr_1_1', 'attr_3_0', 'attr_3_1', 'attr_2_2', 'attr_2_3', 'attr_1_0', 'attr_4_2.0']",0.001,0.5666666666666667,0.2727272727272727,0.3,0.5,0.0,0.0,0.0,0.027272727272727282,62.25276517868042,0.0651247501373291,"[1, 1, 0, 0, 1, 1, 1, 1, 0, 1]","[0, 0, 0, 0, 0, 0, 0, 0, 0, 0]"
Exp_f10_s8192_r1_circular,158,10,10,8192,1,circular,"['attr_13_3', 'attr_26_2', 'attr_13_2', 'attr_1_1', 'attr_3_0', 'attr_3_1', 'attr_2_2', 'attr_2_3', 'attr_1_0', 'attr_4_2.0']",100.0,0.6277777777777778,0.9090909090909091,0.6,0.6190476190476191,0.8,0.5714285714285714,0.6666666666666666,0.3090909090909091,69.11225366592407,0.0826878547668457,"[1, 1, 0, 0, 1, 1, 1, 1, 0, 1]","[0, 1, 0, 1, 0, 0, 1, 1, 0, 1]"
Exp_f10_s8192_r1_full,159,10,10,8192,1,full,"['attr_13_3', 'attr_26_2', 'attr_13_2', 'attr_1_1', 'attr_3_0', 'attr_3_1', 'attr_2_2', 'attr_2_3', 'attr_1_0', 'attr_4_2.0']",1.0,0.6333333333333333,0.9090909090909091,0.7,0.5952380952380952,0.75,0.8571428571428571,0.8,0.2090909090909091,75.14894962310791,0.0490262508392334,"[1, 1, 0, 0, 1, 1, 1, 1, 0, 1]","[1, 1, 0, 1, 0, 1, 1, 1, 1, 1]"
Exp_f10_s8192_r2_linear,160,10,10,8192,2,linear,"['attr_13_3', 'attr_26_2', 'attr_13_2', 'attr_1_1', 'attr_3_0', 'attr_3_1', 'attr_2_2', 'attr_2_3', 'attr_1_0', 'attr_4_2.0']",0.001,0.5666666666666667,0.2727272727272727,0.3,0.5,0.0,0.0,0.0,0.027272727272727282,24.506983280181885,0.026714086532592773,"[1, 1, 0, 0, 1, 1, 1, 1, 0, 1]","[0, 0, 0, 0, 0, 0, 0, 0, 0, 0]"
Exp_f10_s8192_r2_circular,161,10,10,8192,2,circular,"['attr_13_3', 'attr_26_2', 'attr_13_2', 'attr_1_1', 'attr_3_0', 'attr_3_1', 'attr_2_2', 'attr_2_3', 'attr_1_0', 'attr_4_2.0']",0.01,0.6,0.2727272727272727,0.3,0.5,0.0,0.0,0.0,0.027272727272727282,14.884009838104248,0.02795553207397461,"[1, 1, 0, 0, 1, 1, 1, 1, 0, 1]","[0, 0, 0, 0, 0, 0, 0, 0, 0, 0]"
Exp_f10_s8192_r2_full,162,10,10,8192,2,full,"['attr_13_3', 'attr_26_2', 'attr_13_2', 'attr_1_1', 'attr_3_0', 'attr_3_1', 'attr_2_2', 'attr_2_3', 'attr_1_0', 'attr_4_2.0']",100.0,0.6,0.9090909090909091,0.5,0.35714285714285715,0.625,0.7142857142857143,0.6666666666666666,0.40909090909090906,21.98449945449829,0.026594877243041992,"[1, 1, 0, 0, 1, 1, 1, 1, 0, 1]","[0, 1, 1, 1, 0, 1, 1, 1, 1, 1]"
